x-axis,1
second,Ampere
-50.0000E-06,-500.0000E-06
-49.7500E-06,-97.9900E-06
-49.5000E-06,-500.0000E-06
-49.2500E-06,-500.0000E-06
-49.0000E-06,-500.0000E-06
-48.7500E-06,-500.0000E-06
-48.5000E-06,-97.9900E-06
-48.2500E-06,-198.4925E-06
-48.0000E-06,-500.0000E-06
-47.7500E-06,-298.9950E-06
-47.5000E-06,+103.0150E-06
-47.2500E-06,-298.9950E-06
-47.0000E-06,-500.0000E-06
-46.7500E-06,-701.0050E-06
-46.5000E-06,-97.9900E-06
-46.2500E-06,-198.4925E-06
-46.0000E-06,-500.0000E-06
-45.7500E-06,-298.9950E-06
-45.5000E-06,-97.9900E-06
-45.2500E-06,-500.0000E-06
-45.0000E-06,-97.9900E-06
-44.7500E-06,-500.0000E-06
-44.5000E-06,-298.9950E-06
-44.2500E-06,-298.9950E-06
-44.0000E-06,-500.0000E-06
-43.7500E-06,-500.0000E-06
-43.5000E-06,+103.0150E-06
-43.2500E-06,-399.4975E-06
-43.0000E-06,-902.0101E-06
-42.7500E-06,-298.9950E-06
-42.5000E-06,-500.0000E-06
-42.2500E-06,-97.9900E-06
-42.0000E-06,-500.0000E-06
-41.7500E-06,+2.5125E-06
-41.5000E-06,-298.9950E-06
-41.2500E-06,-399.4975E-06
-41.0000E-06,-902.0101E-06
-40.7500E-06,-902.0101E-06
-40.5000E-06,-701.0050E-06
-40.2500E-06,-97.9900E-06
-40.0000E-06,-97.9900E-06
-39.7500E-06,-97.9900E-06
-39.5000E-06,-500.0000E-06
-39.2500E-06,-1.1030151E-03
-39.0000E-06,-500.0000E-06
-38.7500E-06,-600.5025E-06
-38.5000E-06,-298.9950E-06
-38.2500E-06,-801.5076E-06
-38.0000E-06,-500.0000E-06
-37.7500E-06,+103.0150E-06
-37.5000E-06,-500.0000E-06
-37.2500E-06,-701.0050E-06
-37.0000E-06,-97.9900E-06
-36.7500E-06,-298.9950E-06
-36.5000E-06,-97.9900E-06
-36.2500E-06,+203.5176E-06
-36.0000E-06,-500.0000E-06
-35.7500E-06,-198.4925E-06
-35.5000E-06,-500.0000E-06
-35.2500E-06,-500.0000E-06
-35.0000E-06,-902.0101E-06
-34.7500E-06,-600.5025E-06
-34.5000E-06,-500.0000E-06
-34.2500E-06,-298.9950E-06
-34.0000E-06,-902.0101E-06
-33.7500E-06,-399.4975E-06
-33.5000E-06,-500.0000E-06
-33.2500E-06,-198.4925E-06
-33.0000E-06,-500.0000E-06
-32.7500E-06,-902.0101E-06
-32.5000E-06,-97.9900E-06
-32.2500E-06,-399.4975E-06
-32.0000E-06,-97.9900E-06
-31.7500E-06,-500.0000E-06
-31.5000E-06,-97.9900E-06
-31.2500E-06,-801.5076E-06
-31.0000E-06,-500.0000E-06
-30.7500E-06,-399.4975E-06
-30.5000E-06,-701.0050E-06
-30.2500E-06,-198.4925E-06
-30.0000E-06,+304.0201E-06
-29.7500E-06,-399.4975E-06
-29.5000E-06,-500.0000E-06
-29.2500E-06,-701.0050E-06
-29.0000E-06,-902.0101E-06
-28.7500E-06,-198.4925E-06
-28.5000E-06,-500.0000E-06
-28.2500E-06,-600.5025E-06
-28.0000E-06,-97.9900E-06
-27.7500E-06,-97.9900E-06
-27.5000E-06,-97.9900E-06
-27.2500E-06,-399.4975E-06
-27.0000E-06,-97.9900E-06
-26.7500E-06,-500.0000E-06
-26.5000E-06,-298.9950E-06
-26.2500E-06,-902.0101E-06
-26.0000E-06,-500.0000E-06
-25.7500E-06,-399.4975E-06
-25.5000E-06,+706.0301E-06
-25.2500E-06,+706.0301E-06
-25.0000E-06,+304.0201E-06
-24.7500E-06,+706.0301E-06
-24.5000E-06,+505.0251E-06
-24.2500E-06,+706.0301E-06
-24.0000E-06,+1.5100502E-03
-23.7500E-06,+1.8115577E-03
-23.5000E-06,+1.5100502E-03
-23.2500E-06,+1.6105527E-03
-23.0000E-06,+2.3140703E-03
-22.7500E-06,+1.6105527E-03
-22.5000E-06,+2.1130653E-03
-22.2500E-06,+2.0125628E-03
-22.0000E-06,+3.1180904E-03
-21.7500E-06,+2.4145728E-03
-21.5000E-06,+3.3190954E-03
-21.2500E-06,+2.7160803E-03
-21.0000E-06,+2.7160803E-03
-20.7500E-06,+3.1180904E-03
-20.5000E-06,+3.1180904E-03
-20.2500E-06,+3.1180904E-03
-20.0000E-06,+3.5201004E-03
-19.7500E-06,+2.9170854E-03
-19.5000E-06,+3.3190954E-03
-19.2500E-06,+2.5150753E-03
-19.0000E-06,+2.3140703E-03
-18.7500E-06,+2.6155778E-03
-18.5000E-06,+1.7110552E-03
-18.2500E-06,+2.0125628E-03
-18.0000E-06,+1.1080402E-03
-17.7500E-06,+304.0201E-06
-17.5000E-06,+706.0301E-06
-17.2500E-06,+2.5125E-06
-17.0000E-06,-97.9900E-06
-16.7500E-06,-1.3040201E-03
-16.5000E-06,-2.1080402E-03
-16.2500E-06,-2.4095477E-03
-16.0000E-06,-3.3140703E-03
-15.7500E-06,-3.0125628E-03
-15.5000E-06,-3.7160804E-03
-15.2500E-06,-4.1180904E-03
-15.0000E-06,-5.3241206E-03
-14.7500E-06,-5.6256281E-03
-14.5000E-06,-6.3291457E-03
-14.2500E-06,-6.9321608E-03
-14.0000E-06,-7.3341708E-03
-13.7500E-06,-7.5351758E-03
-13.5000E-06,-8.5402009E-03
-13.2500E-06,-8.9422110E-03
-13.0000E-06,-8.9422110E-03
-12.7500E-06,-8.7412060E-03
-12.5000E-06,-9.9472361E-03
-12.2500E-06,-10.4497487E-03
-12.0000E-06,-8.9422110E-03
-11.7500E-06,-9.5452261E-03
-11.5000E-06,-9.7462311E-03
-11.2500E-06,-9.1432160E-03
-11.0000E-06,-9.3442210E-03
-10.7500E-06,-9.3442210E-03
-10.5000E-06,-9.1432160E-03
-10.2500E-06,-7.9371859E-03
-10.0000E-06,-7.7361809E-03
-9.7500E-06,-7.0326633E-03
-9.5000E-06,-6.7311557E-03
-9.2500E-06,-5.6256281E-03
-9.0000E-06,-5.7261306E-03
-8.7500E-06,-3.9170854E-03
-8.5000E-06,-3.5150754E-03
-8.2500E-06,-2.8115578E-03
-8.0000E-06,-1.3040201E-03
-7.7500E-06,-97.9900E-06
-7.5000E-06,+505.0251E-06
-7.2500E-06,+1.0075376E-03
-7.0000E-06,+2.3140703E-03
-6.7500E-06,+4.2236180E-03
-6.5000E-06,+4.5251256E-03
-6.2500E-06,+5.2286431E-03
-6.0000E-06,+6.7361808E-03
-5.7500E-06,+7.1381908E-03
-5.5000E-06,+8.3442210E-03
-5.2500E-06,+9.5502511E-03
-5.0000E-06,+9.9522612E-03
-4.7500E-06,+10.8567838E-03
-4.5000E-06,+11.5603014E-03
-4.2500E-06,+11.9623114E-03
-4.0000E-06,+11.5603014E-03
-3.7500E-06,+12.9673365E-03
-3.5000E-06,+13.5703516E-03
-3.2500E-06,+14.3743717E-03
-3.0000E-06,+13.5703516E-03
-2.7500E-06,+14.0728641E-03
-2.5000E-06,+13.7713566E-03
-2.2500E-06,+13.8718591E-03
-2.0000E-06,+13.1683415E-03
-1.7500E-06,+13.0678390E-03
-1.5000E-06,+12.7663315E-03
-1.2500E-06,+12.3643214E-03
-1.0000E-06,+11.1582913E-03
-750.0E-09,+10.2537687E-03
-500.0E-09,+9.7512561E-03
-250.0E-09,+8.4447235E-03
-0.0E+00,+7.5402009E-03
+250.0E-09,+6.7361808E-03
+500.0E-09,+5.5301507E-03
+750.0E-09,+3.6206029E-03
+1.0000E-06,+2.7160803E-03
+1.2500E-06,+1.1080402E-03
+1.5000E-06,-500.0000E-06
+1.7500E-06,-1.9070352E-03
+2.0000E-06,-3.3140703E-03
+2.2500E-06,-5.0226130E-03
+2.5000E-06,-5.5251256E-03
+2.7500E-06,-6.9321608E-03
+3.0000E-06,-8.5402009E-03
+3.2500E-06,-10.1482411E-03
+3.5000E-06,-10.9522612E-03
+3.7500E-06,-12.4597989E-03
+4.0000E-06,-13.7663315E-03
+4.2500E-06,-13.8668341E-03
+4.5000E-06,-15.1733667E-03
+4.7500E-06,-16.1783918E-03
+5.0000E-06,-16.9824119E-03
+5.2500E-06,-18.2889446E-03
+5.5000E-06,-18.5904521E-03
+5.7500E-06,-18.2889446E-03
+6.0000E-06,-18.5904521E-03
+6.2500E-06,-19.2939697E-03
+6.5000E-06,-18.9924621E-03
+6.7500E-06,-18.9924621E-03
+7.0000E-06,-18.9924621E-03
+7.2500E-06,-17.6859295E-03
+7.5000E-06,-17.5854270E-03
+7.7500E-06,-17.3844220E-03
+8.0000E-06,-16.5804019E-03
+8.2500E-06,-14.8718592E-03
+8.5000E-06,-14.1683416E-03
+8.7500E-06,-12.9623114E-03
+9.0000E-06,-11.7562813E-03
+9.2500E-06,-10.4497487E-03
+9.5000E-06,-8.9422110E-03
+9.7500E-06,-7.3341708E-03
+10.0000E-06,-5.3241206E-03
+10.2500E-06,-3.9170854E-03
+10.5000E-06,-2.1080402E-03
+10.7500E-06,-500.0000E-06
+11.0000E-06,+1.5100502E-03
+11.2500E-06,+2.7160803E-03
+11.5000E-06,+4.5251256E-03
+11.7500E-06,+5.8316582E-03
+12.0000E-06,+7.9422109E-03
+12.2500E-06,+9.9522612E-03
+12.5000E-06,+11.3592963E-03
+12.7500E-06,+12.9673365E-03
+13.0000E-06,+14.3743717E-03
+13.2500E-06,+15.0778893E-03
+13.5000E-06,+16.9874370E-03
+13.7500E-06,+17.8919596E-03
+14.0000E-06,+19.1984922E-03
+14.2500E-06,+20.0025123E-03
+14.5000E-06,+20.4045224E-03
+14.7500E-06,+20.9070349E-03
+15.0000E-06,+22.0125625E-03
+15.2500E-06,+21.9120600E-03
+15.5000E-06,+21.6105525E-03
+15.7500E-06,+21.9120600E-03
+16.0000E-06,+22.0125625E-03
+16.2500E-06,+21.3090450E-03
+16.5000E-06,+21.0075374E-03
+16.7500E-06,+19.7010048E-03
+17.0000E-06,+19.1984922E-03
+17.2500E-06,+17.6909546E-03
+17.5000E-06,+16.7864320E-03
+17.7500E-06,+15.5804018E-03
+18.0000E-06,+13.5703516E-03
+18.2500E-06,+13.0678390E-03
+18.5000E-06,+10.9572863E-03
+18.7500E-06,+9.4497486E-03
+19.0000E-06,+7.9422109E-03
+19.2500E-06,+5.8316582E-03
+19.5000E-06,+3.7211055E-03
+19.7500E-06,+1.7110552E-03
+20.0000E-06,-500.0000E-06
+20.2500E-06,-2.0075377E-03
+20.5000E-06,-3.9170854E-03
+20.7500E-06,-6.1281407E-03
+21.0000E-06,-7.7361809E-03
+21.2500E-06,-9.7462311E-03
+21.5000E-06,-11.7562813E-03
+21.7500E-06,-14.1683416E-03
+22.0000E-06,-14.9723617E-03
+22.2500E-06,-16.3793968E-03
+22.5000E-06,-18.3894471E-03
+22.7500E-06,-19.6959797E-03
+23.0000E-06,-21.4045224E-03
+23.2500E-06,-22.4095475E-03
+23.5000E-06,-23.4145726E-03
+23.7500E-06,-24.5201003E-03
+24.0000E-06,-25.0226128E-03
+24.2500E-06,-25.1231153E-03
+24.5000E-06,-25.2236178E-03
+24.7500E-06,-25.5251254E-03
+25.0000E-06,-25.8266329E-03
+25.2500E-06,-25.4246229E-03
+25.5000E-06,-24.0175877E-03
+25.7500E-06,-23.9170852E-03
+26.0000E-06,-23.0125626E-03
+26.2500E-06,-21.8065325E-03
+26.5000E-06,-21.4045224E-03
+26.7500E-06,-19.7964822E-03
+27.0000E-06,-18.1884420E-03
+27.2500E-06,-16.6809044E-03
+27.5000E-06,-15.5753767E-03
+27.7500E-06,-12.8618089E-03
+28.0000E-06,-11.7562813E-03
+28.2500E-06,-8.9422110E-03
+28.5000E-06,-6.9321608E-03
+28.7500E-06,-4.8216080E-03
+29.0000E-06,-2.9120603E-03
+29.2500E-06,-902.0101E-06
+29.5000E-06,+1.9120603E-03
+29.7500E-06,+4.4246230E-03
+30.0000E-06,+6.7361808E-03
+30.2500E-06,+8.8467335E-03
+30.5000E-06,+10.7562813E-03
+30.7500E-06,+12.3643214E-03
+31.0000E-06,+13.9723616E-03
+31.2500E-06,+15.9824119E-03
+31.5000E-06,+17.7914571E-03
+31.7500E-06,+19.7010048E-03
+32.0000E-06,+20.8065324E-03
+32.2500E-06,+22.6155776E-03
+32.5000E-06,+23.4195977E-03
+32.7500E-06,+24.8266329E-03
+33.0000E-06,+25.6306530E-03
+33.2500E-06,+25.9321605E-03
+33.5000E-06,+26.8366831E-03
+33.7500E-06,+27.5402007E-03
+34.0000E-06,+27.6407032E-03
+34.2500E-06,+26.6356781E-03
+34.5000E-06,+27.0376881E-03
+34.7500E-06,+26.1331655E-03
+35.0000E-06,+24.8266329E-03
+35.2500E-06,+23.7211052E-03
+35.5000E-06,+22.8165826E-03
+35.7500E-06,+22.1130651E-03
+36.0000E-06,+21.2085425E-03
+36.2500E-06,+18.4949746E-03
+36.5000E-06,+16.9874370E-03
+36.7500E-06,+15.5804018E-03
+37.0000E-06,+13.5703516E-03
+37.2500E-06,+10.7562813E-03
+37.5000E-06,+8.5452260E-03
+37.7500E-06,+6.0326632E-03
+38.0000E-06,+3.1180904E-03
+38.2500E-06,+1.9120603E-03
+38.5000E-06,+304.0201E-06
+38.7500E-06,-3.4145729E-03
+39.0000E-06,-5.3241206E-03
+39.2500E-06,-7.5351758E-03
+39.5000E-06,-10.3492461E-03
+39.7500E-06,-12.8618089E-03
+40.0000E-06,-14.1683416E-03
+40.2500E-06,-16.1783918E-03
+40.5000E-06,-18.7914571E-03
+40.7500E-06,-20.6005023E-03
+41.0000E-06,-21.8065325E-03
+41.2500E-06,-24.0175877E-03
+41.5000E-06,-25.2236178E-03
+41.7500E-06,-26.6306530E-03
+42.0000E-06,-27.4346731E-03
+42.2500E-06,-28.5402007E-03
+42.5000E-06,-28.6407032E-03
+42.7500E-06,-30.1482409E-03
+43.0000E-06,-29.8467334E-03
+43.2500E-06,-29.8467334E-03
+43.5000E-06,-29.8467334E-03
+43.7500E-06,-29.0427133E-03
+44.0000E-06,-28.2386932E-03
+44.2500E-06,-27.6356781E-03
+44.5000E-06,-26.6306530E-03
+44.7500E-06,-25.6256279E-03
+45.0000E-06,-24.2185927E-03
+45.2500E-06,-22.6105526E-03
+45.5000E-06,-20.3994973E-03
+45.7500E-06,-18.8919596E-03
+46.0000E-06,-16.9824119E-03
+46.2500E-06,-14.2688441E-03
+46.5000E-06,-12.3592964E-03
+46.7500E-06,-10.4497487E-03
+47.0000E-06,-7.3341708E-03
+47.2500E-06,-4.7211055E-03
+47.5000E-06,-1.9070352E-03
+47.7500E-06,+907.0351E-06
+48.0000E-06,+3.1180904E-03
+48.2500E-06,+5.1281406E-03
+48.5000E-06,+7.7412059E-03
+48.7500E-06,+9.9522612E-03
+49.0000E-06,+11.9623114E-03
+49.2500E-06,+15.1783918E-03
+49.5000E-06,+17.1884420E-03
+49.7500E-06,+18.7964822E-03
+50.0000E-06,+21.2085425E-03
+50.2500E-06,+23.1180902E-03
+50.5000E-06,+24.8266329E-03
+50.7500E-06,+26.3341705E-03
+51.0000E-06,+27.2386931E-03
+51.2500E-06,+28.0427132E-03
+51.5000E-06,+29.0477384E-03
+51.7500E-06,+29.6507534E-03
+52.0000E-06,+30.4547735E-03
+52.2500E-06,+30.7562810E-03
+52.5000E-06,+30.8567836E-03
+52.7500E-06,+29.8517584E-03
+53.0000E-06,+29.2487434E-03
+53.2500E-06,+28.3442208E-03
+53.5000E-06,+27.4396982E-03
+53.7500E-06,+26.7361806E-03
+54.0000E-06,+25.6306530E-03
+54.2500E-06,+23.7211052E-03
+54.5000E-06,+22.4145726E-03
+54.7500E-06,+19.9020098E-03
+55.0000E-06,+17.9924621E-03
+55.2500E-06,+16.2839194E-03
+55.5000E-06,+13.7713566E-03
+55.7500E-06,+11.4597988E-03
+56.0000E-06,+8.7462310E-03
+56.2500E-06,+6.3341708E-03
+56.5000E-06,+3.3190954E-03
+56.7500E-06,+1.2085427E-03
+57.0000E-06,-1.7060302E-03
+57.2500E-06,-3.9170854E-03
+57.5000E-06,-6.7311557E-03
+57.7500E-06,-9.0427135E-03
+58.0000E-06,-11.3542713E-03
+58.2500E-06,-14.2688441E-03
+58.5000E-06,-16.7814069E-03
+58.7500E-06,-18.7914571E-03
+59.0000E-06,-21.8065325E-03
+59.2500E-06,-22.9120601E-03
+59.5000E-06,-25.2236178E-03
+59.7500E-06,-26.5301505E-03
+60.0000E-06,-27.4346731E-03
+60.2500E-06,-29.1432158E-03
+60.5000E-06,-30.6507535E-03
+60.7500E-06,-31.2537685E-03
+61.0000E-06,-31.8567836E-03
+61.2500E-06,-32.6608037E-03
+61.5000E-06,-32.6608037E-03
+61.7500E-06,-31.5552761E-03
+62.0000E-06,-31.0527635E-03
+62.2500E-06,-31.3542711E-03
+62.5000E-06,-30.4497484E-03
+62.7500E-06,-29.0427133E-03
+63.0000E-06,-28.2386932E-03
+63.2500E-06,-26.8316580E-03
+63.5000E-06,-25.0226128E-03
+63.7500E-06,-23.1130651E-03
+64.0000E-06,-21.0025124E-03
+64.2500E-06,-19.0929646E-03
+64.5000E-06,-17.1834169E-03
+64.7500E-06,-14.7713567E-03
+65.0000E-06,-11.7562813E-03
+65.2500E-06,-8.9422110E-03
+65.5000E-06,-6.5301507E-03
+65.7500E-06,-3.3140703E-03
+66.0000E-06,-1.3040201E-03
+66.2500E-06,+1.7110552E-03
+66.5000E-06,+4.7261306E-03
+66.7500E-06,+6.7361808E-03
+67.0000E-06,+9.1482411E-03
+67.2500E-06,+12.3643214E-03
+67.5000E-06,+14.7763817E-03
+67.7500E-06,+16.2839194E-03
+68.0000E-06,+19.6005023E-03
+68.2500E-06,+21.2085425E-03
+68.5000E-06,+23.8216078E-03
+68.7500E-06,+24.7261304E-03
+69.0000E-06,+26.8366831E-03
+69.2500E-06,+28.8467333E-03
+69.5000E-06,+29.2487434E-03
+69.7500E-06,+29.8517584E-03
+70.0000E-06,+31.6608037E-03
+70.2500E-06,+31.8618087E-03
+70.5000E-06,+31.6608037E-03
+70.7500E-06,+32.2638187E-03
+71.0000E-06,+32.4648237E-03
+71.2500E-06,+31.9623112E-03
+71.5000E-06,+31.2587936E-03
+71.7500E-06,+30.0527635E-03
+72.0000E-06,+29.2487434E-03
+72.2500E-06,+27.6407032E-03
+72.5000E-06,+26.4346731E-03
+72.7500E-06,+24.5251253E-03
+73.0000E-06,+22.0125625E-03
+73.2500E-06,+20.2035173E-03
+73.5000E-06,+17.9924621E-03
+73.7500E-06,+15.5804018E-03
+74.0000E-06,+13.1683415E-03
+74.2500E-06,+10.0527637E-03
+74.5000E-06,+7.7412059E-03
+74.7500E-06,+5.1281406E-03
+75.0000E-06,+1.9120603E-03
+75.2500E-06,+103.0150E-06
+75.5000E-06,-3.5150754E-03
+75.7500E-06,-5.3241206E-03
+76.0000E-06,-8.5402009E-03
+76.2500E-06,-10.6507537E-03
+76.5000E-06,-13.5653265E-03
+76.7500E-06,-16.5804019E-03
+77.0000E-06,-19.3944722E-03
+77.2500E-06,-21.5050249E-03
+77.5000E-06,-23.2135676E-03
+77.7500E-06,-25.3241204E-03
+78.0000E-06,-27.0326631E-03
+78.2500E-06,-28.8417083E-03
+78.5000E-06,-30.2487434E-03
+78.7500E-06,-31.7562811E-03
+79.0000E-06,-32.6608037E-03
+79.2500E-06,-33.3643213E-03
+79.5000E-06,-33.6658288E-03
+79.7500E-06,-33.5653263E-03
+80.0000E-06,-33.4648238E-03
+80.2500E-06,-33.0628137E-03
+80.5000E-06,-32.8618087E-03
+80.7500E-06,-31.9572861E-03
+81.0000E-06,-31.4547736E-03
+81.2500E-06,-30.0477384E-03
+81.5000E-06,-28.6407032E-03
+81.7500E-06,-26.7311555E-03
+82.0000E-06,-25.0226128E-03
+82.2500E-06,-22.9120601E-03
+82.5000E-06,-21.0025124E-03
+82.7500E-06,-19.0929646E-03
+83.0000E-06,-16.5804019E-03
+83.2500E-06,-13.5653265E-03
+83.5000E-06,-10.7512562E-03
+83.7500E-06,-7.7361809E-03
+84.0000E-06,-4.9221105E-03
+84.2500E-06,-2.0075377E-03
+84.5000E-06,+505.0251E-06
+84.7500E-06,+3.2185929E-03
+85.0000E-06,+5.9321607E-03
+85.2500E-06,+8.7462310E-03
+85.5000E-06,+11.3592963E-03
+85.7500E-06,+13.9723616E-03
+86.0000E-06,+16.7864320E-03
+86.2500E-06,+19.6005023E-03
+86.5000E-06,+21.6105525E-03
+86.7500E-06,+23.4195977E-03
+87.0000E-06,+24.8266329E-03
+87.2500E-06,+27.0376881E-03
+87.5000E-06,+28.6457283E-03
+87.7500E-06,+30.2537685E-03
+88.0000E-06,+30.8567836E-03
+88.2500E-06,+32.1633162E-03
+88.5000E-06,+33.2688438E-03
+88.7500E-06,+33.6708539E-03
+89.0000E-06,+34.0728639E-03
+89.2500E-06,+33.4698489E-03
+89.5000E-06,+33.2688438E-03
+89.7500E-06,+32.2638187E-03
+90.0000E-06,+31.6608037E-03
+90.2500E-06,+29.7512559E-03
+90.5000E-06,+28.8467333E-03
+90.7500E-06,+27.2386931E-03
+91.0000E-06,+26.0326630E-03
+91.2500E-06,+24.2236178E-03
+91.5000E-06,+21.8115575E-03
+91.7500E-06,+19.0979897E-03
+92.0000E-06,+17.1884420E-03
+92.2500E-06,+14.6758792E-03
+92.5000E-06,+11.9623114E-03
+92.7500E-06,+9.1482411E-03
+93.0000E-06,+6.3341708E-03
+93.2500E-06,+3.0175879E-03
+93.5000E-06,+505.0251E-06
+93.7500E-06,-2.5100503E-03
+94.0000E-06,-5.7261306E-03
+94.2500E-06,-8.1381909E-03
+94.5000E-06,-10.7512562E-03
+94.7500E-06,-14.0678391E-03
+95.0000E-06,-15.7763818E-03
+95.2500E-06,-18.7914571E-03
+95.5000E-06,-21.2035174E-03
+95.7500E-06,-22.6105526E-03
+96.0000E-06,-25.0226128E-03
+96.2500E-06,-27.7361806E-03
+96.5000E-06,-28.6407032E-03
+96.7500E-06,-30.5502510E-03
+97.0000E-06,-32.2587937E-03
+97.2500E-06,-33.2638188E-03
+97.5000E-06,-33.6658288E-03
+97.7500E-06,-34.1683414E-03
+98.0000E-06,-34.6708539E-03
+98.2500E-06,-34.0678389E-03
+98.5000E-06,-34.0678389E-03
+98.7500E-06,-33.9673363E-03
+99.0000E-06,-33.0628137E-03
+99.2500E-06,-32.0577886E-03
+99.5000E-06,-31.0527635E-03
+99.7500E-06,-28.7412058E-03
+100.0000E-06,-27.4346731E-03
+100.2500E-06,-26.2286430E-03
+100.5000E-06,-24.2185927E-03
+100.7500E-06,-21.4045224E-03
+101.0000E-06,-19.7964822E-03
+101.2500E-06,-16.7814069E-03
+101.5000E-06,-13.7663315E-03
+101.7500E-06,-11.3542713E-03
+102.0000E-06,-8.9422110E-03
+102.2500E-06,-5.8266331E-03
+102.5000E-06,-3.1130653E-03
+102.7500E-06,-298.9950E-06
+103.0000E-06,+2.7160803E-03
+103.2500E-06,+5.9321607E-03
+103.5000E-06,+8.5452260E-03
+103.7500E-06,+11.4597988E-03
+104.0000E-06,+14.3743717E-03
+104.2500E-06,+16.5854269E-03
+104.5000E-06,+18.9974872E-03
+104.7500E-06,+21.3090450E-03
+105.0000E-06,+23.2185927E-03
+105.2500E-06,+25.6306530E-03
+105.5000E-06,+27.4396982E-03
+105.7500E-06,+29.0477384E-03
+106.0000E-06,+30.8567836E-03
+106.2500E-06,+31.9623112E-03
+106.5000E-06,+33.0678388E-03
+106.7500E-06,+33.3693463E-03
+107.0000E-06,+33.6708539E-03
+107.2500E-06,+33.7713564E-03
+107.5000E-06,+34.0728639E-03
+107.7500E-06,+32.9673363E-03
+108.0000E-06,+32.4648237E-03
+108.2500E-06,+31.3592961E-03
+108.5000E-06,+31.2587936E-03
+108.7500E-06,+29.4497484E-03
+109.0000E-06,+27.6407032E-03
+109.2500E-06,+26.4346731E-03
+109.5000E-06,+24.4246228E-03
+109.7500E-06,+22.3140701E-03
+110.0000E-06,+20.0025123E-03
+110.2500E-06,+17.8919596E-03
+110.5000E-06,+14.5753767E-03
+110.7500E-06,+12.4648240E-03
+111.0000E-06,+9.5502511E-03
+111.2500E-06,+6.5351758E-03
+111.5000E-06,+3.5201004E-03
+111.7500E-06,+907.0351E-06
+112.0000E-06,-2.5100503E-03
+112.2500E-06,-5.0226130E-03
+112.5000E-06,-7.7361809E-03
+112.7500E-06,-10.6507537E-03
+113.0000E-06,-13.3643215E-03
+113.2500E-06,-16.0778893E-03
+113.5000E-06,-17.9874370E-03
+113.7500E-06,-20.6005023E-03
+114.0000E-06,-23.0125626E-03
+114.2500E-06,-25.4246229E-03
+114.5000E-06,-27.2336681E-03
+114.7500E-06,-29.4447233E-03
+115.0000E-06,-31.4547736E-03
+115.2500E-06,-31.5552761E-03
+115.5000E-06,-33.4648238E-03
+115.7500E-06,-33.9673363E-03
+116.0000E-06,-34.6708539E-03
+116.2500E-06,-34.5703514E-03
+116.5000E-06,-34.4698489E-03
+116.7500E-06,-34.6708539E-03
+117.0000E-06,-34.6708539E-03
+117.2500E-06,-33.7663313E-03
+117.5000E-06,-32.6608037E-03
+117.7500E-06,-31.0527635E-03
+118.0000E-06,-29.8467334E-03
+118.2500E-06,-28.6407032E-03
+118.5000E-06,-26.4296480E-03
+118.7500E-06,-24.5201003E-03
+119.0000E-06,-22.6105526E-03
+119.2500E-06,-20.1984923E-03
+119.5000E-06,-17.3844220E-03
+119.7500E-06,-14.1683416E-03
+120.0000E-06,-11.7562813E-03
+120.2500E-06,-8.8417085E-03
+120.5000E-06,-5.9271356E-03
+120.7500E-06,-3.3140703E-03
+121.0000E-06,-500.0000E-06
+121.2500E-06,+3.6206029E-03
+121.5000E-06,+5.5301507E-03
+121.7500E-06,+8.0427135E-03
+122.0000E-06,+11.1582913E-03
+122.2500E-06,+14.1733667E-03
+122.5000E-06,+16.5854269E-03
+122.7500E-06,+18.6959797E-03
+123.0000E-06,+21.2085425E-03
+123.2500E-06,+23.6206027E-03
+123.5000E-06,+25.8316580E-03
+123.7500E-06,+27.8417082E-03
+124.0000E-06,+28.8467333E-03
+124.2500E-06,+30.4547735E-03
+124.5000E-06,+31.8618087E-03
+124.7500E-06,+32.4648237E-03
+125.0000E-06,+32.8668338E-03
+125.2500E-06,+33.7713564E-03
+125.5000E-06,+34.4748740E-03
+125.7500E-06,+34.2738690E-03
+126.0000E-06,+33.6708539E-03
+126.2500E-06,+32.7663313E-03
+126.5000E-06,+31.6608037E-03
+126.7500E-06,+31.2587936E-03
+127.0000E-06,+29.2487434E-03
+127.2500E-06,+28.4447233E-03
+127.5000E-06,+26.6356781E-03
+127.7500E-06,+24.6256278E-03
+128.0000E-06,+22.8165826E-03
+128.2500E-06,+20.3040199E-03
+128.5000E-06,+17.7914571E-03
+128.7500E-06,+15.3793968E-03
+129.0000E-06,+12.3643214E-03
+129.2500E-06,+9.4497486E-03
+129.5000E-06,+6.7361808E-03
+129.7500E-06,+4.0226130E-03
+130.0000E-06,+706.0301E-06
+130.2500E-06,-1.8065327E-03
+130.5000E-06,-4.9221105E-03
+130.7500E-06,-7.9371859E-03
+131.0000E-06,-10.5502512E-03
+131.2500E-06,-13.5653265E-03
+131.5000E-06,-15.5753767E-03
+131.7500E-06,-18.5904521E-03
+132.0000E-06,-21.0025124E-03
+132.2500E-06,-23.1130651E-03
+132.5000E-06,-25.6256279E-03
+132.7500E-06,-27.8366831E-03
+133.0000E-06,-29.4447233E-03
+133.2500E-06,-30.4497484E-03
+133.5000E-06,-31.8567836E-03
+133.7500E-06,-33.1633163E-03
+134.0000E-06,-34.2688439E-03
+134.2500E-06,-34.4698489E-03
+134.5000E-06,-34.8718590E-03
+134.7500E-06,-35.0728640E-03
+135.0000E-06,-35.0728640E-03
+135.2500E-06,-33.9673363E-03
+135.5000E-06,-33.6658288E-03
+135.7500E-06,-32.6608037E-03
+136.0000E-06,-31.4547736E-03
+136.2500E-06,-29.9472359E-03
+136.5000E-06,-28.4396982E-03
+136.7500E-06,-26.7311555E-03
+137.0000E-06,-25.0226128E-03
+137.2500E-06,-22.4095475E-03
+137.5000E-06,-19.7964822E-03
+137.7500E-06,-17.4849245E-03
+138.0000E-06,-14.5703516E-03
+138.2500E-06,-11.1532662E-03
+138.5000E-06,-9.3442210E-03
+138.7500E-06,-6.1281407E-03
+139.0000E-06,-3.3140703E-03
+139.2500E-06,-97.9900E-06
+139.5000E-06,+3.1180904E-03
+139.7500E-06,+6.2336682E-03
+140.0000E-06,+8.7462310E-03
+140.2500E-06,+11.1582913E-03
+140.5000E-06,+14.1733667E-03
+140.7500E-06,+16.5854269E-03
+141.0000E-06,+19.1984922E-03
+141.2500E-06,+21.2085425E-03
+141.5000E-06,+23.8216078E-03
+141.7500E-06,+26.0326630E-03
+142.0000E-06,+28.0427132E-03
+142.2500E-06,+29.4497484E-03
+142.5000E-06,+30.4547735E-03
+142.7500E-06,+31.2587936E-03
+143.0000E-06,+33.2688438E-03
+143.2500E-06,+33.9723614E-03
+143.5000E-06,+34.4748740E-03
+143.7500E-06,+34.4748740E-03
+144.0000E-06,+34.0728639E-03
+144.2500E-06,+34.2738690E-03
+144.5000E-06,+32.6658288E-03
+144.7500E-06,+31.4597986E-03
+145.0000E-06,+31.2587936E-03
+145.2500E-06,+29.7512559E-03
+145.5000E-06,+28.2437183E-03
+145.7500E-06,+26.9371856E-03
+146.0000E-06,+25.2286429E-03
+146.2500E-06,+22.3140701E-03
+146.5000E-06,+20.0025123E-03
+146.7500E-06,+17.7914571E-03
+147.0000E-06,+14.3743717E-03
+147.2500E-06,+12.7663315E-03
+147.5000E-06,+10.1532662E-03
+147.7500E-06,+6.6356783E-03
+148.0000E-06,+3.5201004E-03
+148.2500E-06,+806.5326E-06
+148.5000E-06,-2.3090452E-03
+148.7500E-06,-5.2236181E-03
+149.0000E-06,-7.3341708E-03
+149.2500E-06,-10.8517587E-03
+149.5000E-06,-13.3643215E-03
+149.7500E-06,-16.4798994E-03
+150.0000E-06,-18.9924621E-03
+150.2500E-06,-21.5050249E-03
+150.5000E-06,-23.0125626E-03
+150.7500E-06,-25.8266329E-03
+151.0000E-06,-27.4346731E-03
+151.2500E-06,-29.0427133E-03
+151.5000E-06,-31.0527635E-03
+151.7500E-06,-32.4597987E-03
+152.0000E-06,-33.8668338E-03
+152.2500E-06,-34.5703514E-03
+152.5000E-06,-35.0728640E-03
+152.7500E-06,-34.7713564E-03
+153.0000E-06,-34.6708539E-03
+153.2500E-06,-34.7713564E-03
+153.5000E-06,-34.2688439E-03
+153.7500E-06,-33.6658288E-03
+154.0000E-06,-32.6608037E-03
+154.2500E-06,-31.0527635E-03
+154.5000E-06,-30.6507535E-03
+154.7500E-06,-28.5402007E-03
+155.0000E-06,-26.6306530E-03
+155.2500E-06,-24.9221103E-03
+155.5000E-06,-22.4095475E-03
+155.7500E-06,-19.4949747E-03
+156.0000E-06,-16.5804019E-03
+156.2500E-06,-14.6708541E-03
+156.5000E-06,-11.7562813E-03
+156.7500E-06,-8.7412060E-03
+157.0000E-06,-6.1281407E-03
+157.2500E-06,-2.5100503E-03
+157.5000E-06,-500.0000E-06
+157.7500E-06,+2.7160803E-03
+158.0000E-06,+5.1281406E-03
+158.2500E-06,+8.1432160E-03
+158.5000E-06,+11.3592963E-03
+158.7500E-06,+14.1733667E-03
+159.0000E-06,+16.7864320E-03
+159.2500E-06,+19.1984922E-03
+159.5000E-06,+21.2085425E-03
+159.7500E-06,+23.8216078E-03
+160.0000E-06,+25.2286429E-03
+160.2500E-06,+27.9422107E-03
+160.5000E-06,+29.2487434E-03
+160.7500E-06,+30.5552760E-03
+161.0000E-06,+32.0628137E-03
+161.2500E-06,+32.9673363E-03
+161.5000E-06,+33.6708539E-03
+161.7500E-06,+33.4698489E-03
+162.0000E-06,+34.0728639E-03
+162.2500E-06,+33.9723614E-03
+162.5000E-06,+33.4698489E-03
+162.7500E-06,+32.4648237E-03
+163.0000E-06,+31.6608037E-03
+163.2500E-06,+30.8567836E-03
+163.5000E-06,+30.0527635E-03
+163.7500E-06,+27.7412057E-03
+164.0000E-06,+26.4346731E-03
+164.2500E-06,+24.0226128E-03
+164.5000E-06,+21.8115575E-03
+164.7500E-06,+19.7010048E-03
+165.0000E-06,+17.5904520E-03
+165.2500E-06,+14.6758792E-03
+165.5000E-06,+11.9623114E-03
+165.7500E-06,+9.7512561E-03
+166.0000E-06,+6.3341708E-03
+166.2500E-06,+3.1180904E-03
+166.5000E-06,+1.3090452E-03
+166.7500E-06,-2.4095477E-03
+167.0000E-06,-5.3241206E-03
+167.2500E-06,-8.5402009E-03
+167.5000E-06,-11.1532662E-03
+167.7500E-06,-13.8668341E-03
+168.0000E-06,-16.5804019E-03
+168.2500E-06,-19.1934672E-03
+168.5000E-06,-21.4045224E-03
+168.7500E-06,-23.5150752E-03
+169.0000E-06,-25.8266329E-03
+169.2500E-06,-27.8366831E-03
+169.5000E-06,-29.4447233E-03
+169.7500E-06,-30.6507535E-03
+170.0000E-06,-32.6608037E-03
+170.2500E-06,-33.7663313E-03
+170.5000E-06,-34.4698489E-03
+170.7500E-06,-34.1683414E-03
+171.0000E-06,-34.6708539E-03
+171.2500E-06,-34.6708539E-03
+171.5000E-06,-34.4698489E-03
+171.7500E-06,-34.3693464E-03
+172.0000E-06,-33.4648238E-03
+172.2500E-06,-31.6557786E-03
+172.5000E-06,-30.8517585E-03
+172.7500E-06,-29.7462309E-03
+173.0000E-06,-28.2386932E-03
+173.2500E-06,-25.8266329E-03
+173.5000E-06,-23.8165827E-03
+173.7500E-06,-21.3040199E-03
+174.0000E-06,-19.3944722E-03
+174.2500E-06,-17.2839194E-03
+174.5000E-06,-14.3693466E-03
+174.7500E-06,-12.1582914E-03
+175.0000E-06,-9.3442210E-03
+175.2500E-06,-6.5301507E-03
+175.5000E-06,-3.5150754E-03
+175.7500E-06,-1.1030151E-03
+176.0000E-06,+2.3140703E-03
+176.2500E-06,+4.4246230E-03
+176.5000E-06,+7.1381908E-03
+176.7500E-06,+9.8517587E-03
+177.0000E-06,+12.3643214E-03
+177.2500E-06,+14.2738692E-03
+177.5000E-06,+17.1884420E-03
+177.7500E-06,+19.4999998E-03
+178.0000E-06,+20.4045224E-03
+178.2500E-06,+22.5150751E-03
+178.5000E-06,+24.8266329E-03
+178.7500E-06,+26.4346731E-03
+179.0000E-06,+26.8366831E-03
+179.2500E-06,+28.0427132E-03
+179.5000E-06,+29.2487434E-03
+179.7500E-06,+29.9522610E-03
+180.0000E-06,+29.6507534E-03
+180.2500E-06,+30.5552760E-03
+180.5000E-06,+30.4547735E-03
+180.7500E-06,+30.0527635E-03
+181.0000E-06,+29.6507534E-03
+181.2500E-06,+28.3442208E-03
+181.5000E-06,+27.6407032E-03
+181.7500E-06,+26.4346731E-03
+182.0000E-06,+26.0326630E-03
+182.2500E-06,+24.2236178E-03
+182.5000E-06,+22.4145726E-03
+182.7500E-06,+20.6055274E-03
+183.0000E-06,+18.3944721E-03
+183.2500E-06,+17.0879395E-03
+183.5000E-06,+15.3793968E-03
+183.7500E-06,+12.4648240E-03
+184.0000E-06,+11.1582913E-03
+184.2500E-06,+8.4447235E-03
+184.5000E-06,+5.7311557E-03
+184.7500E-06,+3.6206029E-03
+185.0000E-06,+1.1080402E-03
+185.2500E-06,-1.3040201E-03
+185.5000E-06,-3.5150754E-03
+185.7500E-06,-5.6256281E-03
+186.0000E-06,-7.7361809E-03
+186.2500E-06,-9.8467336E-03
+186.5000E-06,-12.1582914E-03
+186.7500E-06,-13.7663315E-03
+187.0000E-06,-15.3743717E-03
+187.2500E-06,-17.4849245E-03
+187.5000E-06,-18.7914571E-03
+187.7500E-06,-19.7964822E-03
+188.0000E-06,-22.2085425E-03
+188.2500E-06,-22.3090450E-03
+188.5000E-06,-23.0125626E-03
+188.7500E-06,-23.9170852E-03
+189.0000E-06,-24.6206028E-03
+189.2500E-06,-25.1231153E-03
+189.5000E-06,-25.6256279E-03
+189.7500E-06,-25.7261304E-03
+190.0000E-06,-25.0226128E-03
+190.2500E-06,-24.9221103E-03
+190.5000E-06,-24.4195978E-03
+190.7500E-06,-23.9170852E-03
+191.0000E-06,-23.4145726E-03
+191.2500E-06,-22.2085425E-03
+191.5000E-06,-21.0025124E-03
+191.7500E-06,-19.4949747E-03
+192.0000E-06,-18.5904521E-03
+192.2500E-06,-16.7814069E-03
+192.5000E-06,-15.1733667E-03
+192.7500E-06,-13.4648240E-03
+193.0000E-06,-12.5603014E-03
+193.2500E-06,-10.5502512E-03
+193.5000E-06,-8.7412060E-03
+193.7500E-06,-6.1281407E-03
+194.0000E-06,-4.1180904E-03
+194.2500E-06,-2.3090452E-03
+194.5000E-06,-902.0101E-06
+194.7500E-06,+706.0301E-06
+195.0000E-06,+2.7160803E-03
+195.2500E-06,+5.2286431E-03
+195.5000E-06,+6.5351758E-03
+195.7500E-06,+8.5452260E-03
+196.0000E-06,+9.9522612E-03
+196.2500E-06,+11.1582913E-03
+196.5000E-06,+13.3693466E-03
+196.7500E-06,+13.7713566E-03
+197.0000E-06,+14.7763817E-03
+197.2500E-06,+15.6809043E-03
+197.5000E-06,+16.9874370E-03
+197.7500E-06,+18.2939696E-03
+198.0000E-06,+17.9924621E-03
+198.2500E-06,+19.2989947E-03
+198.5000E-06,+19.8015073E-03
+198.7500E-06,+19.7010048E-03
+199.0000E-06,+19.1984922E-03
+199.2500E-06,+19.3994973E-03
+199.5000E-06,+19.6005023E-03
+199.7500E-06,+19.1984922E-03
+200.0000E-06,+18.7964822E-03
+200.2500E-06,+17.9924621E-03
+200.5000E-06,+17.5904520E-03
+200.7500E-06,+15.9824119E-03
+201.0000E-06,+15.1783918E-03
+201.2500E-06,+14.5753767E-03
+201.5000E-06,+13.1683415E-03
+201.7500E-06,+12.1633164E-03
+202.0000E-06,+10.7562813E-03
+202.2500E-06,+9.1482411E-03
+202.5000E-06,+7.9422109E-03
+202.7500E-06,+5.7311557E-03
+203.0000E-06,+5.1281406E-03
+203.2500E-06,+2.9170854E-03
+203.5000E-06,+1.7110552E-03
+203.7500E-06,+203.5176E-06
+204.0000E-06,-902.0101E-06
+204.2500E-06,-3.0125628E-03
+204.5000E-06,-4.7211055E-03
+204.7500E-06,-6.1281407E-03
+205.0000E-06,-7.7361809E-03
+205.2500E-06,-8.1381909E-03
+205.5000E-06,-9.7462311E-03
+205.7500E-06,-10.8517587E-03
+206.0000E-06,-12.1582914E-03
+206.2500E-06,-13.1633165E-03
+206.5000E-06,-13.7663315E-03
+206.7500E-06,-15.3743717E-03
+207.0000E-06,-15.3743717E-03
+207.2500E-06,-16.3793968E-03
+207.5000E-06,-16.5804019E-03
+207.7500E-06,-17.1834169E-03
+208.0000E-06,-16.9824119E-03
+208.2500E-06,-17.6859295E-03
+208.5000E-06,-17.1834169E-03
+208.7500E-06,-17.6859295E-03
+209.0000E-06,-16.1783918E-03
+209.2500E-06,-16.1783918E-03
+209.5000E-06,-15.5753767E-03
+209.7500E-06,-15.0728642E-03
+210.0000E-06,-14.1683416E-03
+210.2500E-06,-13.7663315E-03
+210.5000E-06,-13.1633165E-03
+210.7500E-06,-11.5552763E-03
+211.0000E-06,-10.9522612E-03
+211.2500E-06,-9.3442210E-03
+211.5000E-06,-8.3391959E-03
+211.7500E-06,-7.3341708E-03
+212.0000E-06,-5.7261306E-03
+212.2500E-06,-5.2236181E-03
+212.5000E-06,-3.3140703E-03
+212.7500E-06,-2.2085427E-03
+213.0000E-06,-1.3040201E-03
+213.2500E-06,+304.0201E-06
+213.5000E-06,+1.5100502E-03
+213.7500E-06,+2.8165829E-03
+214.0000E-06,+3.9221105E-03
+214.2500E-06,+5.3291456E-03
+214.5000E-06,+6.1331657E-03
+214.7500E-06,+7.5402009E-03
+215.0000E-06,+8.3442210E-03
+215.2500E-06,+9.5502511E-03
+215.5000E-06,+9.9522612E-03
+215.7500E-06,+10.4547737E-03
+216.0000E-06,+11.5603014E-03
+216.2500E-06,+12.0628139E-03
+216.5000E-06,+12.3643214E-03
+216.7500E-06,+13.2688441E-03
+217.0000E-06,+13.5703516E-03
+217.2500E-06,+13.6708541E-03
+217.5000E-06,+13.3693466E-03
+217.7500E-06,+12.3643214E-03
+218.0000E-06,+12.7663315E-03
+218.2500E-06,+12.8668340E-03
+218.5000E-06,+12.7663315E-03
+218.7500E-06,+12.1633164E-03
+219.0000E-06,+11.9623114E-03
+219.2500E-06,+11.1582913E-03
+219.5000E-06,+10.5552762E-03
+219.7500E-06,+9.5502511E-03
+220.0000E-06,+8.7462310E-03
+220.2500E-06,+8.0427135E-03
+220.5000E-06,+6.9371858E-03
+220.7500E-06,+5.7311557E-03
+221.0000E-06,+5.5301507E-03
+221.2500E-06,+3.9221105E-03
+221.5000E-06,+2.9170854E-03
+221.7500E-06,+1.8115577E-03
+222.0000E-06,+706.0301E-06
+222.2500E-06,-399.4975E-06
+222.5000E-06,-1.3040201E-03
+222.7500E-06,-1.9070352E-03
+223.0000E-06,-3.3140703E-03
+223.2500E-06,-4.1180904E-03
+223.5000E-06,-5.5251256E-03
+223.7500E-06,-6.4296482E-03
+224.0000E-06,-7.3341708E-03
+224.2500E-06,-8.3391959E-03
+224.5000E-06,-8.1381909E-03
+224.7500E-06,-8.9422110E-03
+225.0000E-06,-9.3442210E-03
+225.2500E-06,-10.0477386E-03
+225.5000E-06,-10.7512562E-03
+225.7500E-06,-11.4547738E-03
+226.0000E-06,-10.9522612E-03
+226.2500E-06,-11.6557788E-03
+226.5000E-06,-11.5552763E-03
+226.7500E-06,-11.8567838E-03
+227.0000E-06,-11.3542713E-03
+227.2500E-06,-11.1532662E-03
+227.5000E-06,-11.5552763E-03
+227.7500E-06,-11.2537688E-03
+228.0000E-06,-11.3542713E-03
+228.2500E-06,-10.4497487E-03
+228.5000E-06,-9.7462311E-03
+228.7500E-06,-9.1432160E-03
+229.0000E-06,-8.1381909E-03
+229.2500E-06,-7.7361809E-03
+229.5000E-06,-6.7311557E-03
+229.7500E-06,-6.1281407E-03
+230.0000E-06,-5.7261306E-03
+230.2500E-06,-5.0226130E-03
+230.5000E-06,-3.7160804E-03
+230.7500E-06,-2.2085427E-03
+231.0000E-06,-1.7060302E-03
+231.2500E-06,-1.0025126E-03
+231.5000E-06,-500.0000E-06
+231.7500E-06,+404.5226E-06
+232.0000E-06,+1.9120603E-03
+232.2500E-06,+1.9120603E-03
+232.5000E-06,+2.9170854E-03
+232.7500E-06,+3.8216080E-03
+233.0000E-06,+5.1281406E-03
+233.2500E-06,+5.5301507E-03
+233.5000E-06,+5.9321607E-03
+233.7500E-06,+6.4346733E-03
+234.0000E-06,+7.5402009E-03
+234.2500E-06,+7.7412059E-03
+234.5000E-06,+8.1432160E-03
+234.7500E-06,+8.0427135E-03
+235.0000E-06,+7.9422109E-03
+235.2500E-06,+8.4447235E-03
+235.5000E-06,+8.5452260E-03
+235.7500E-06,+9.0477386E-03
+236.0000E-06,+9.1482411E-03
+236.2500E-06,+8.6457285E-03
+236.5000E-06,+9.1482411E-03
+236.7500E-06,+8.4447235E-03
+237.0000E-06,+7.9422109E-03
+237.2500E-06,+7.5402009E-03
+237.5000E-06,+7.3391959E-03
+237.7500E-06,+6.7361808E-03
+238.0000E-06,+6.7361808E-03
+238.2500E-06,+5.5301507E-03
+238.5000E-06,+5.7311557E-03
+238.7500E-06,+4.4246230E-03
+239.0000E-06,+3.5201004E-03
+239.2500E-06,+3.1180904E-03
+239.5000E-06,+2.9170854E-03
+239.7500E-06,+1.6105527E-03
+240.0000E-06,-902.0101E-06
+240.2500E-06,-97.9900E-06
+240.5000E-06,-298.9950E-06
+240.7500E-06,-1.3040201E-03
+241.0000E-06,-1.7060302E-03
+241.2500E-06,-2.9120603E-03
+241.5000E-06,-3.1130653E-03
+241.7500E-06,-3.3140703E-03
+242.0000E-06,-4.5201005E-03
+242.2500E-06,-4.9221105E-03
+242.5000E-06,-5.7261306E-03
+242.7500E-06,-6.1281407E-03
+243.0000E-06,-6.9321608E-03
+243.2500E-06,-6.8316582E-03
+243.5000E-06,-7.5351758E-03
+243.7500E-06,-7.6356783E-03
+244.0000E-06,-8.1381909E-03
+244.2500E-06,-7.8366834E-03
+244.5000E-06,-8.1381909E-03
+244.7500E-06,-8.2386934E-03
+245.0000E-06,-8.5402009E-03
+245.2500E-06,-7.9371859E-03
+245.5000E-06,-8.1381909E-03
+245.7500E-06,-7.5351758E-03
+246.0000E-06,-6.9321608E-03
+246.2500E-06,-7.1331658E-03
+246.5000E-06,-7.3341708E-03
+246.7500E-06,-7.1331658E-03
+247.0000E-06,-6.1281407E-03
+247.2500E-06,-5.7261306E-03
+247.5000E-06,-4.9221105E-03
+247.7500E-06,-5.3241206E-03
+248.0000E-06,-3.7160804E-03
+248.2500E-06,-3.9170854E-03
+248.5000E-06,-2.9120603E-03
+248.7500E-06,-2.6105528E-03
+249.0000E-06,-2.1080402E-03
+249.2500E-06,-1.0025126E-03
+249.5000E-06,-500.0000E-06
+249.7500E-06,+2.5125E-06
+250.0000E-06,+304.0201E-06
+250.2500E-06,+1.5100502E-03
+250.5000E-06,+1.5100502E-03
+250.7500E-06,+2.6155778E-03
+251.0000E-06,+2.3140703E-03
+251.2500E-06,+3.2185929E-03
+251.5000E-06,+3.7211055E-03
+251.7500E-06,+4.7261306E-03
+252.0000E-06,+4.7261306E-03
+252.2500E-06,+4.8266331E-03
+252.5000E-06,+4.9271356E-03
+252.7500E-06,+5.4296482E-03
+253.0000E-06,+5.5301507E-03
+253.2500E-06,+6.2336682E-03
+253.5000E-06,+6.1331657E-03
+253.7500E-06,+6.0326632E-03
+254.0000E-06,+5.9321607E-03
+254.2500E-06,+6.2336682E-03
+254.5000E-06,+6.1331657E-03
+254.7500E-06,+5.6306532E-03
+255.0000E-06,+5.9321607E-03
+255.2500E-06,+5.6306532E-03
+255.5000E-06,+5.1281406E-03
+255.7500E-06,+4.7261306E-03
+256.0000E-06,+4.3241205E-03
+256.2500E-06,+3.9221105E-03
+256.5000E-06,+3.7211055E-03
+256.7500E-06,+3.1180904E-03
+257.0000E-06,+2.7160803E-03
+257.2500E-06,+2.6155778E-03
+257.5000E-06,+2.1130653E-03
+257.7500E-06,+1.5100502E-03
+258.0000E-06,+706.0301E-06
+258.2500E-06,+304.0201E-06
+258.5000E-06,+304.0201E-06
+258.7500E-06,-902.0101E-06
+259.0000E-06,-1.3040201E-03
+259.2500E-06,-1.9070352E-03
+259.5000E-06,-1.9070352E-03
+259.7500E-06,-2.8115578E-03
+260.0000E-06,-3.3140703E-03
+260.2500E-06,-3.4145729E-03
+260.5000E-06,-3.7160804E-03
+260.7500E-06,-4.0175879E-03
+261.0000E-06,-4.9221105E-03
+261.2500E-06,-4.4195980E-03
+261.5000E-06,-5.1231156E-03
+261.7500E-06,-5.5251256E-03
+262.0000E-06,-5.3241206E-03
+262.2500E-06,-5.9271356E-03
+262.5000E-06,-5.7261306E-03
+262.7500E-06,-5.3241206E-03
+263.0000E-06,-5.3241206E-03
+263.2500E-06,-5.7261306E-03
+263.5000E-06,-5.9271356E-03
+263.7500E-06,-5.5251256E-03
+264.0000E-06,-5.7261306E-03
+264.2500E-06,-5.6256281E-03
+264.5000E-06,-5.3241206E-03
+264.7500E-06,-4.9221105E-03
+265.0000E-06,-4.1180904E-03
+265.2500E-06,-4.2185929E-03
+265.5000E-06,-3.7160804E-03
+265.7500E-06,-3.5150754E-03
+266.0000E-06,-4.1180904E-03
+266.2500E-06,-3.2135678E-03
+266.5000E-06,-2.7110553E-03
+266.7500E-06,-1.8065327E-03
+267.0000E-06,-1.7060302E-03
+267.2500E-06,-902.0101E-06
+267.5000E-06,-701.0050E-06
+267.7500E-06,-298.9950E-06
+268.0000E-06,-97.9900E-06
+268.2500E-06,+404.5226E-06
+268.5000E-06,+1.1080402E-03
+268.7500E-06,+1.0075376E-03
+269.0000E-06,+1.9120603E-03
+269.2500E-06,+1.9120603E-03
+269.5000E-06,+2.3140703E-03
+269.7500E-06,+2.6155778E-03
+270.0000E-06,+3.1180904E-03
+270.2500E-06,+3.0175879E-03
+270.5000E-06,+3.5201004E-03
+270.7500E-06,+3.5201004E-03
+271.0000E-06,+3.9221105E-03
+271.2500E-06,+3.5201004E-03
+271.5000E-06,+3.9221105E-03
+271.7500E-06,+3.7211055E-03
+272.0000E-06,+4.7261306E-03
+272.2500E-06,+3.5201004E-03
+272.5000E-06,+4.3241205E-03
+272.7500E-06,+3.6206029E-03
+273.0000E-06,+3.5201004E-03
+273.2500E-06,+3.8216080E-03
+273.5000E-06,+3.3190954E-03
+273.7500E-06,+3.3190954E-03
+274.0000E-06,+2.7160803E-03
+274.2500E-06,+2.8165829E-03
+274.5000E-06,+2.3140703E-03
+274.7500E-06,+2.4145728E-03
+275.0000E-06,+2.3140703E-03
+275.2500E-06,+1.8115577E-03
+275.5000E-06,+907.0351E-06
+275.7500E-06,+706.0301E-06
+276.0000E-06,-97.9900E-06
+276.2500E-06,-97.9900E-06
+276.5000E-06,-97.9900E-06
+276.7500E-06,-399.4975E-06
+277.0000E-06,-1.3040201E-03
+277.2500E-06,-1.3040201E-03
+277.5000E-06,-1.5050251E-03
+277.7500E-06,-1.7060302E-03
+278.0000E-06,-2.5100503E-03
+278.2500E-06,-2.8115578E-03
+278.5000E-06,-2.5100503E-03
+278.7500E-06,-2.5100503E-03
+279.0000E-06,-2.9120603E-03
+279.2500E-06,-3.6155779E-03
+279.5000E-06,-3.5150754E-03
+279.7500E-06,-3.8165829E-03
+280.0000E-06,-4.5201005E-03
+280.2500E-06,-4.3190955E-03
+280.5000E-06,-4.1180904E-03
+280.7500E-06,-3.8165829E-03
+281.0000E-06,-2.9120603E-03
+281.2500E-06,-4.0175879E-03
+281.5000E-06,-4.1180904E-03
+281.7500E-06,-4.2185929E-03
+282.0000E-06,-3.7160804E-03
+282.2500E-06,-3.6155779E-03
+282.5000E-06,-3.7160804E-03
+282.7500E-06,-4.0175879E-03
+283.0000E-06,-3.7160804E-03
+283.2500E-06,-3.0125628E-03
+283.5000E-06,-2.9120603E-03
+283.7500E-06,-2.4095477E-03
+284.0000E-06,-2.1080402E-03
+284.2500E-06,-2.0075377E-03
+284.5000E-06,-1.7060302E-03
+284.7500E-06,-1.0025126E-03
+285.0000E-06,-1.3040201E-03
+285.2500E-06,-1.2035176E-03
+285.5000E-06,-902.0101E-06
+285.7500E-06,-500.0000E-06
+286.0000E-06,+304.0201E-06
+286.2500E-06,+605.5276E-06
+286.5000E-06,+103.0150E-06
+286.7500E-06,+1.0075376E-03
+287.0000E-06,+1.1080402E-03
+287.2500E-06,+1.4095477E-03
+287.5000E-06,+1.7110552E-03
+287.7500E-06,+1.9120603E-03
+288.0000E-06,+2.3140703E-03
+288.2500E-06,+1.9120603E-03
+288.5000E-06,+1.9120603E-03
+288.7500E-06,+2.6155778E-03
+289.0000E-06,+2.3140703E-03
+289.2500E-06,+2.4145728E-03
+289.5000E-06,+2.7160803E-03
+289.7500E-06,+2.7160803E-03
+290.0000E-06,+3.1180904E-03
+290.2500E-06,+2.7160803E-03
+290.5000E-06,+2.5150753E-03
+290.7500E-06,+3.5201004E-03
+291.0000E-06,+2.7160803E-03
+291.2500E-06,+2.2135678E-03
+291.5000E-06,+2.3140703E-03
+291.7500E-06,+1.9120603E-03
+292.0000E-06,+2.3140703E-03
+292.2500E-06,+2.2135678E-03
+292.5000E-06,+1.5100502E-03
+292.7500E-06,+1.2085427E-03
+293.0000E-06,+706.0301E-06
+293.2500E-06,+1.0075376E-03
+293.5000E-06,+304.0201E-06
+293.7500E-06,+605.5276E-06
+294.0000E-06,+304.0201E-06
+294.2500E-06,+304.0201E-06
+294.5000E-06,-298.9950E-06
+294.7500E-06,-1.0025126E-03
+295.0000E-06,-902.0101E-06
+295.2500E-06,-902.0101E-06
+295.5000E-06,-1.1030151E-03
+295.7500E-06,-1.4045226E-03
+296.0000E-06,-1.7060302E-03
+296.2500E-06,-1.5050251E-03
+296.5000E-06,-2.1080402E-03
+296.7500E-06,-2.4095477E-03
+297.0000E-06,-2.9120603E-03
+297.2500E-06,-2.7110553E-03
+297.5000E-06,-2.7110553E-03
+297.7500E-06,-2.5100503E-03
+298.0000E-06,-2.9120603E-03
+298.2500E-06,-3.4145729E-03
+298.5000E-06,-3.1130653E-03
+298.7500E-06,-3.3140703E-03
+299.0000E-06,-2.5100503E-03
+299.2500E-06,-2.6105528E-03
+299.5000E-06,-3.3140703E-03
+299.7500E-06,-2.5100503E-03
+300.0000E-06,-2.9120603E-03
+300.2500E-06,-3.2135678E-03
+300.5000E-06,-2.9120603E-03
+300.7500E-06,-2.7110553E-03
+301.0000E-06,-2.1080402E-03
+301.2500E-06,-2.1080402E-03
+301.5000E-06,-2.1080402E-03
+301.7500E-06,-1.4045226E-03
+302.0000E-06,-1.3040201E-03
+302.2500E-06,-1.2035176E-03
+302.5000E-06,-1.3040201E-03
+302.7500E-06,-1.2035176E-03
+303.0000E-06,-902.0101E-06
+303.2500E-06,-902.0101E-06
+303.5000E-06,-298.9950E-06
+303.7500E-06,-902.0101E-06
+304.0000E-06,+706.0301E-06
+304.2500E-06,+505.0251E-06
+304.5000E-06,+304.0201E-06
+304.7500E-06,+1.0075376E-03
+305.0000E-06,+1.1080402E-03
+305.2500E-06,+806.5326E-06
+305.5000E-06,+1.7110552E-03
+305.7500E-06,+806.5326E-06
+306.0000E-06,+706.0301E-06
+306.2500E-06,+1.2085427E-03
+306.5000E-06,+1.5100502E-03
+306.7500E-06,+1.0075376E-03
+307.0000E-06,+1.9120603E-03
+307.2500E-06,+1.5100502E-03
+307.5000E-06,+1.9120603E-03
+307.7500E-06,+2.2135678E-03
+308.0000E-06,+1.5100502E-03
+308.2500E-06,+2.2135678E-03
+308.5000E-06,+1.7110552E-03
+308.7500E-06,+1.7110552E-03
+309.0000E-06,+1.5100502E-03
+309.2500E-06,+1.6105527E-03
+309.5000E-06,+1.9120603E-03
+309.7500E-06,+806.5326E-06
+310.0000E-06,+304.0201E-06
+310.2500E-06,+907.0351E-06
+310.5000E-06,+706.0301E-06
+310.7500E-06,+806.5326E-06
+311.0000E-06,+706.0301E-06
+311.2500E-06,+605.5276E-06
+311.5000E-06,-97.9900E-06
+311.7500E-06,-97.9900E-06
+312.0000E-06,-500.0000E-06
+312.2500E-06,-399.4975E-06
+312.5000E-06,-902.0101E-06
+312.7500E-06,-701.0050E-06
+313.0000E-06,-1.3040201E-03
+313.2500E-06,-801.5076E-06
+313.5000E-06,-1.3040201E-03
+313.7500E-06,-4.6206030E-03
+314.0000E-06,-1.7060302E-03
+314.2500E-06,-1.4045226E-03
+314.5000E-06,-1.9070352E-03
+314.7500E-06,-1.6055277E-03
+315.0000E-06,-1.7060302E-03
+315.2500E-06,-2.1080402E-03
+315.5000E-06,-2.1080402E-03
+315.7500E-06,-2.7110553E-03
+316.0000E-06,-2.5100503E-03
+316.2500E-06,-1.9070352E-03
+316.5000E-06,-2.1080402E-03
+316.7500E-06,-1.9070352E-03
+317.0000E-06,-2.9120603E-03
+317.2500E-06,-2.2085427E-03
+317.5000E-06,-2.3090452E-03
+317.7500E-06,-2.2085427E-03
+318.0000E-06,-2.9120603E-03
+318.2500E-06,-1.6055277E-03
+318.5000E-06,-1.9070352E-03
+318.7500E-06,-1.5050251E-03
+319.0000E-06,-1.7060302E-03
+319.2500E-06,-2.1080402E-03
+319.5000E-06,-1.9070352E-03
+319.7500E-06,-1.4045226E-03
+320.0000E-06,-902.0101E-06
+320.2500E-06,-801.5076E-06
+320.5000E-06,-902.0101E-06
+320.7500E-06,-701.0050E-06
+321.0000E-06,-500.0000E-06
+321.2500E-06,-97.9900E-06
+321.5000E-06,-97.9900E-06
+321.7500E-06,-198.4925E-06
+322.0000E-06,-97.9900E-06
+322.2500E-06,+2.5125E-06
+322.5000E-06,+103.0150E-06
+322.7500E-06,+2.5125E-06
+323.0000E-06,+304.0201E-06
+323.2500E-06,+706.0301E-06
+323.5000E-06,+907.0351E-06
+323.7500E-06,+706.0301E-06
+324.0000E-06,+706.0301E-06
+324.2500E-06,+706.0301E-06
+324.5000E-06,+1.5100502E-03
+324.7500E-06,+907.0351E-06
+325.0000E-06,+1.1080402E-03
+325.2500E-06,+706.0301E-06
+325.5000E-06,+1.1080402E-03
+325.7500E-06,+605.5276E-06
+326.0000E-06,+1.1080402E-03
+326.2500E-06,+907.0351E-06
+326.5000E-06,+1.3090452E-03
+326.7500E-06,+806.5326E-06
+327.0000E-06,+1.1080402E-03
+327.2500E-06,+605.5276E-06
+327.5000E-06,+907.0351E-06
+327.7500E-06,+404.5226E-06
+328.0000E-06,+706.0301E-06
+328.2500E-06,+404.5226E-06
+328.5000E-06,+304.0201E-06
+328.7500E-06,+404.5226E-06
+329.0000E-06,-97.9900E-06
+329.2500E-06,+304.0201E-06
+329.5000E-06,+103.0150E-06
+329.7500E-06,+203.5176E-06
+330.0000E-06,-500.0000E-06
+330.2500E-06,-600.5025E-06
+330.5000E-06,-97.9900E-06
+330.7500E-06,-801.5076E-06
+331.0000E-06,-902.0101E-06
+331.2500E-06,-701.0050E-06
+331.5000E-06,-1.1030151E-03
+331.7500E-06,-1.2035176E-03
+332.0000E-06,-1.3040201E-03
+332.2500E-06,-1.2035176E-03
+332.5000E-06,-1.5050251E-03
+332.7500E-06,-1.7060302E-03
+333.0000E-06,-1.7060302E-03
+333.2500E-06,-97.9900E-06
+333.5000E-06,-1.7060302E-03
+333.7500E-06,-1.8065327E-03
+334.0000E-06,-1.3040201E-03
+334.2500E-06,-1.7060302E-03
+334.5000E-06,-1.7060302E-03
+334.7500E-06,-2.0075377E-03
+335.0000E-06,-1.7060302E-03
+335.2500E-06,-1.9070352E-03
+335.5000E-06,-1.9070352E-03
+335.7500E-06,-1.7060302E-03
+336.0000E-06,-1.7060302E-03
+336.2500E-06,-1.8065327E-03
+336.5000E-06,-1.3040201E-03
+336.7500E-06,-1.4045226E-03
+337.0000E-06,-1.3040201E-03
+337.2500E-06,-1.4045226E-03
+337.5000E-06,-1.5050251E-03
+337.7500E-06,-902.0101E-06
+338.0000E-06,-902.0101E-06
+338.2500E-06,-1.3040201E-03
+338.5000E-06,-902.0101E-06
+338.7500E-06,-399.4975E-06
+339.0000E-06,-902.0101E-06
+339.2500E-06,-600.5025E-06
+339.5000E-06,+304.0201E-06
+339.7500E-06,-399.4975E-06
+340.0000E-06,-97.9900E-06
+340.2500E-06,+2.5125E-06
+340.5000E-06,-500.0000E-06
+340.7500E-06,-97.9900E-06
+341.0000E-06,+706.0301E-06
+341.2500E-06,+404.5226E-06
+341.5000E-06,+505.0251E-06
+341.7500E-06,+1.1080402E-03
+342.0000E-06,+706.0301E-06
+342.2500E-06,+806.5326E-06
+342.5000E-06,+907.0351E-06
+342.7500E-06,+806.5326E-06
+343.0000E-06,+706.0301E-06
+343.2500E-06,+103.0150E-06
+343.5000E-06,+706.0301E-06
+343.7500E-06,+605.5276E-06
+344.0000E-06,+706.0301E-06
+344.2500E-06,+2.7160803E-03
+344.5000E-06,+304.0201E-06
+344.7500E-06,+103.0150E-06
+345.0000E-06,+304.0201E-06
+345.2500E-06,+706.0301E-06
+345.5000E-06,+304.0201E-06
+345.7500E-06,+605.5276E-06
+346.0000E-06,+304.0201E-06
+346.2500E-06,+304.0201E-06
+346.5000E-06,+103.0150E-06
+346.7500E-06,+103.0150E-06
+347.0000E-06,-500.0000E-06
+347.2500E-06,+2.5125E-06
+347.5000E-06,+103.0150E-06
+347.7500E-06,-500.0000E-06
+348.0000E-06,-97.9900E-06
+348.2500E-06,+203.5176E-06
+348.5000E-06,-701.0050E-06
+348.7500E-06,-1.3040201E-03
+349.0000E-06,-1.3040201E-03
+349.2500E-06,-902.0101E-06
+349.5000E-06,-1.1030151E-03
+349.7500E-06,-500.0000E-06
+350.0000E-06,-1.3040201E-03
+350.2500E-06,-1.7060302E-03
+350.5000E-06,-1.3040201E-03
+350.7500E-06,-1.7060302E-03
+351.0000E-06,-902.0101E-06
+351.2500E-06,-1.4045226E-03
+351.5000E-06,-1.5050251E-03
+351.7500E-06,-902.0101E-06
+352.0000E-06,-1.7060302E-03
+352.2500E-06,-1.3040201E-03
+352.5000E-06,-1.7060302E-03
+352.7500E-06,-1.6055276E-03
+353.0000E-06,-1.3040201E-03
+353.2500E-06,-1.0025126E-03
+353.5000E-06,-1.3040201E-03
+353.7500E-06,-1.6055276E-03
+354.0000E-06,-1.3040201E-03
+354.2500E-06,-1.3040201E-03
+354.5000E-06,-1.1030151E-03
+354.7500E-06,-1.4045226E-03
+355.0000E-06,-902.0101E-06
+355.2500E-06,-1.1030151E-03
+355.5000E-06,-701.0050E-06
+355.7500E-06,-500.0000E-06
+356.0000E-06,-97.9900E-06
+356.2500E-06,+1.5100502E-03
+356.5000E-06,-298.9950E-06
+356.7500E-06,-198.4925E-06
+357.0000E-06,+304.0201E-06
+357.2500E-06,-399.4975E-06
+357.5000E-06,-298.9950E-06
+357.7500E-06,+103.0150E-06
+358.0000E-06,-500.0000E-06
+358.2500E-06,-399.4975E-06
+358.5000E-06,-97.9900E-06
+358.7500E-06,-97.9900E-06
+359.0000E-06,+304.0201E-06
+359.2500E-06,+203.5176E-06
+359.5000E-06,+505.0251E-06
+359.7500E-06,+203.5176E-06
+360.0000E-06,+304.0201E-06
+360.2500E-06,+103.0150E-06
+360.5000E-06,+304.0201E-06
+360.7500E-06,+404.5226E-06
+361.0000E-06,+304.0201E-06
+361.2500E-06,+605.5276E-06
+361.5000E-06,+103.0150E-06
+361.7500E-06,+404.5226E-06
+362.0000E-06,-97.9900E-06
+362.2500E-06,+404.5226E-06
+362.5000E-06,+103.0150E-06
+362.7500E-06,+706.0301E-06
+363.0000E-06,+304.0201E-06
+363.2500E-06,+2.5125E-06
+363.5000E-06,-298.9950E-06
+363.7500E-06,+2.5125E-06
+364.0000E-06,-97.9900E-06
+364.2500E-06,-97.9900E-06
+364.5000E-06,-298.9950E-06
+364.7500E-06,+203.5176E-06
+365.0000E-06,-500.0000E-06
+365.2500E-06,-298.9950E-06
+365.5000E-06,-298.9950E-06
+365.7500E-06,-198.4925E-06
+366.0000E-06,-500.0000E-06
+366.2500E-06,-399.4975E-06
+366.5000E-06,-701.0050E-06
+366.7500E-06,-600.5025E-06
+367.0000E-06,-97.9900E-06
+367.2500E-06,-399.4975E-06
+367.5000E-06,-97.9900E-06
+367.7500E-06,-1.3040201E-03
+368.0000E-06,-1.3040201E-03
+368.2500E-06,-801.5076E-06
+368.5000E-06,-500.0000E-06
+368.7500E-06,-1.0025126E-03
+369.0000E-06,-1.3040201E-03
+369.2500E-06,-902.0101E-06
+369.5000E-06,-1.5050251E-03
+369.7500E-06,-1.2035176E-03
+370.0000E-06,-1.3040201E-03
+370.2500E-06,-1.2035176E-03
+370.5000E-06,-1.1030151E-03
+370.7500E-06,-701.0050E-06
+371.0000E-06,-1.3040201E-03
+371.2500E-06,-1.3040201E-03
+371.5000E-06,-1.1030151E-03
+371.7500E-06,-1.0025126E-03
+372.0000E-06,-902.0101E-06
+372.2500E-06,-198.4925E-06
+372.5000E-06,-500.0000E-06
+372.7500E-06,-600.5025E-06
+373.0000E-06,-902.0101E-06
+373.2500E-06,-500.0000E-06
+373.5000E-06,-701.0050E-06
+373.7500E-06,-801.5076E-06
+374.0000E-06,-500.0000E-06
+374.2500E-06,-600.5025E-06
+374.5000E-06,-97.9900E-06
+374.7500E-06,-97.9900E-06
+375.0000E-06,-97.9900E-06
+375.2500E-06,-198.4925E-06
+375.5000E-06,-97.9900E-06
+375.7500E-06,-298.9950E-06
+376.0000E-06,-97.9900E-06
+376.2500E-06,+304.0201E-06
+376.5000E-06,+103.0150E-06
+376.7500E-06,+304.0201E-06
+377.0000E-06,+304.0201E-06
+377.2500E-06,+2.5125E-06
+377.5000E-06,+103.0150E-06
+377.7500E-06,+2.5125E-06
+378.0000E-06,+304.0201E-06
+378.2500E-06,-97.9900E-06
+378.5000E-06,+505.0251E-06
+378.7500E-06,+304.0201E-06
+379.0000E-06,+304.0201E-06
+379.2500E-06,+103.0150E-06
+379.5000E-06,-97.9900E-06
+379.7500E-06,+203.5176E-06
+380.0000E-06,-97.9900E-06
+380.2500E-06,+2.5125E-06
+380.5000E-06,+304.0201E-06
+380.7500E-06,+103.0150E-06
+381.0000E-06,-97.9900E-06
+381.2500E-06,+103.0150E-06
+381.5000E-06,-97.9900E-06
+381.7500E-06,-97.9900E-06
+382.0000E-06,+304.0201E-06
+382.2500E-06,-198.4925E-06
+382.5000E-06,-97.9900E-06
+382.7500E-06,+2.5125E-06
+383.0000E-06,-500.0000E-06
+383.2500E-06,-298.9950E-06
+383.5000E-06,-701.0050E-06
+383.7500E-06,-701.0050E-06
+384.0000E-06,-1.3040201E-03
+384.2500E-06,-801.5076E-06
+384.5000E-06,-500.0000E-06
+384.7500E-06,-600.5025E-06
+385.0000E-06,-500.0000E-06
+385.2500E-06,-600.5025E-06
+385.5000E-06,-701.0050E-06
+385.7500E-06,-701.0050E-06
+386.0000E-06,-500.0000E-06
+386.2500E-06,-600.5025E-06
+386.5000E-06,-701.0050E-06
+386.7500E-06,-500.0000E-06
+387.0000E-06,-500.0000E-06
+387.2500E-06,-2.1080402E-03
+387.5000E-06,-902.0101E-06
+387.7500E-06,-701.0050E-06
+388.0000E-06,-1.3040201E-03
+388.2500E-06,-801.5076E-06
+388.5000E-06,-902.0101E-06
+388.7500E-06,-1.3040201E-03
+389.0000E-06,-1.3040201E-03
+389.2500E-06,-1.2035176E-03
+389.5000E-06,-902.0101E-06
+389.7500E-06,-1.2035176E-03
+390.0000E-06,-500.0000E-06
+390.2500E-06,-600.5025E-06
+390.5000E-06,-500.0000E-06
+390.7500E-06,-500.0000E-06
+391.0000E-06,-500.0000E-06
+391.2500E-06,-801.5076E-06
+391.5000E-06,-500.0000E-06
+391.7500E-06,-600.5025E-06
+392.0000E-06,-500.0000E-06
+392.2500E-06,-701.0050E-06
+392.5000E-06,-97.9900E-06
+392.7500E-06,-500.0000E-06
+393.0000E-06,-500.0000E-06
+393.2500E-06,-198.4925E-06
+393.5000E-06,-298.9950E-06
+393.7500E-06,-399.4975E-06
+394.0000E-06,-97.9900E-06
+394.2500E-06,+304.0201E-06
+394.5000E-06,+304.0201E-06
+394.7500E-06,-97.9900E-06
+395.0000E-06,+304.0201E-06
+395.2500E-06,-97.9900E-06
+395.5000E-06,-97.9900E-06
+395.7500E-06,-500.0000E-06
+396.0000E-06,-97.9900E-06
+396.2500E-06,+304.0201E-06
+396.5000E-06,+304.0201E-06
+396.7500E-06,-97.9900E-06
+397.0000E-06,-500.0000E-06
+397.2500E-06,-399.4975E-06
+397.5000E-06,+304.0201E-06
+397.7500E-06,+2.5125E-06
+398.0000E-06,-97.9900E-06
+398.2500E-06,+304.0201E-06
+398.5000E-06,+304.0201E-06
+398.7500E-06,+304.0201E-06
+399.0000E-06,-97.9900E-06
+399.2500E-06,-97.9900E-06
+399.5000E-06,-298.9950E-06
+399.7500E-06,-298.9950E-06
+400.0000E-06,-500.0000E-06
+400.2500E-06,-399.4975E-06
+400.5000E-06,-298.9950E-06
+400.7500E-06,-500.0000E-06
+401.0000E-06,-97.9900E-06
+401.2500E-06,-801.5076E-06
+401.5000E-06,-298.9950E-06
+401.7500E-06,-902.0101E-06
+402.0000E-06,-97.9900E-06
+402.2500E-06,-701.0050E-06
+402.5000E-06,-902.0101E-06
+402.7500E-06,-902.0101E-06
+403.0000E-06,-500.0000E-06
+403.2500E-06,-1.2035176E-03
+403.5000E-06,-701.0050E-06
+403.7500E-06,-600.5025E-06
+404.0000E-06,-902.0101E-06
+404.2500E-06,-600.5025E-06
+404.5000E-06,-701.0050E-06
+404.7500E-06,-902.0101E-06
+405.0000E-06,-1.3040201E-03
+405.2500E-06,-801.5076E-06
+405.5000E-06,-701.0050E-06
+405.7500E-06,-600.5025E-06
+406.0000E-06,-500.0000E-06
+406.2500E-06,-701.0050E-06
+406.5000E-06,-701.0050E-06
+406.7500E-06,-1.2035176E-03
+407.0000E-06,-902.0101E-06
+407.2500E-06,-500.0000E-06
+407.5000E-06,-500.0000E-06
+407.7500E-06,+404.5226E-06
+408.0000E-06,-500.0000E-06
+408.2500E-06,-399.4975E-06
+408.5000E-06,-298.9950E-06
+408.7500E-06,-399.4975E-06
+409.0000E-06,-500.0000E-06
+409.2500E-06,-600.5025E-06
+409.5000E-06,-500.0000E-06
+409.7500E-06,-97.9900E-06
+410.0000E-06,-97.9900E-06
+410.2500E-06,-902.0101E-06
+410.5000E-06,-500.0000E-06
+410.7500E-06,-399.4975E-06
+411.0000E-06,-902.0101E-06
+411.2500E-06,-97.9900E-06
+411.5000E-06,-298.9950E-06
+411.7500E-06,-97.9900E-06
+412.0000E-06,-500.0000E-06
+412.2500E-06,-97.9900E-06
+412.5000E-06,+304.0201E-06
+412.7500E-06,+103.0150E-06
+413.0000E-06,+304.0201E-06
+413.2500E-06,+304.0201E-06
+413.5000E-06,-298.9950E-06
+413.7500E-06,+203.5176E-06
+414.0000E-06,+304.0201E-06
+414.2500E-06,+103.0150E-06
+414.5000E-06,-298.9950E-06
+414.7500E-06,+2.5125E-06
+415.0000E-06,-97.9900E-06
+415.2500E-06,-500.0000E-06
+415.5000E-06,-97.9900E-06
+415.7500E-06,+203.5176E-06
+416.0000E-06,-97.9900E-06
+416.2500E-06,-97.9900E-06
+416.5000E-06,-298.9950E-06
+416.7500E-06,-500.0000E-06
+417.0000E-06,-500.0000E-06
+417.2500E-06,-198.4925E-06
+417.5000E-06,-298.9950E-06
+417.7500E-06,-198.4925E-06
+418.0000E-06,-500.0000E-06
+418.2500E-06,-97.9900E-06
+418.5000E-06,-298.9950E-06
+418.7500E-06,-298.9950E-06
+419.0000E-06,-97.9900E-06
+419.2500E-06,-902.0101E-06
+419.5000E-06,-500.0000E-06
+419.7500E-06,-399.4975E-06
+420.0000E-06,-500.0000E-06
+420.2500E-06,-701.0050E-06
+420.5000E-06,-1.1030151E-03
+420.7500E-06,-97.9900E-06
+421.0000E-06,-97.9900E-06
+421.2500E-06,-701.0050E-06
+421.5000E-06,-500.0000E-06
+421.7500E-06,-701.0050E-06
+422.0000E-06,-902.0101E-06
+422.2500E-06,-701.0050E-06
+422.5000E-06,-902.0101E-06
+422.7500E-06,-902.0101E-06
+423.0000E-06,-902.0101E-06
+423.2500E-06,-600.5025E-06
+423.5000E-06,-1.1030151E-03
+423.7500E-06,-902.0101E-06
+424.0000E-06,-1.3040201E-03
+424.2500E-06,-1.0025126E-03
+424.5000E-06,-500.0000E-06
+424.7500E-06,-600.5025E-06
+425.0000E-06,-500.0000E-06
+425.2500E-06,-500.0000E-06
+425.5000E-06,-902.0101E-06
+425.7500E-06,-902.0101E-06
+426.0000E-06,-902.0101E-06
+426.2500E-06,-701.0050E-06
+426.5000E-06,-500.0000E-06
+426.7500E-06,-500.0000E-06
+427.0000E-06,-902.0101E-06
+427.2500E-06,-500.0000E-06
+427.5000E-06,-701.0050E-06
+427.7500E-06,-600.5025E-06
+428.0000E-06,-97.9900E-06
+428.2500E-06,-198.4925E-06
+428.5000E-06,-97.9900E-06
+428.7500E-06,-500.0000E-06
+429.0000E-06,-97.9900E-06
+429.2500E-06,-97.9900E-06
+429.5000E-06,-298.9950E-06
+429.7500E-06,-399.4975E-06
+430.0000E-06,-902.0101E-06
+430.2500E-06,-198.4925E-06
+430.5000E-06,+103.0150E-06
+430.7500E-06,-399.4975E-06
+431.0000E-06,+304.0201E-06
+431.2500E-06,+203.5176E-06
+431.5000E-06,+103.0150E-06
+431.7500E-06,-500.0000E-06
+432.0000E-06,-500.0000E-06
+432.2500E-06,+2.5125E-06
+432.5000E-06,-298.9950E-06
+432.7500E-06,-198.4925E-06
+433.0000E-06,-500.0000E-06
+433.2500E-06,-298.9950E-06
+433.5000E-06,-500.0000E-06
+433.7500E-06,-198.4925E-06
+434.0000E-06,-97.9900E-06
+434.2500E-06,-97.9900E-06
+434.5000E-06,+103.0150E-06
+434.7500E-06,-801.5076E-06
+435.0000E-06,-97.9900E-06
+435.2500E-06,-600.5025E-06
+435.5000E-06,-701.0050E-06
+435.7500E-06,-198.4925E-06
+436.0000E-06,-902.0101E-06
+436.2500E-06,+103.0150E-06
+436.5000E-06,-500.0000E-06
+436.7500E-06,-500.0000E-06
+437.0000E-06,-500.0000E-06
+437.2500E-06,-399.4975E-06
+437.5000E-06,-500.0000E-06
+437.7500E-06,-600.5025E-06
+438.0000E-06,-500.0000E-06
+438.2500E-06,-701.0050E-06
+438.5000E-06,-701.0050E-06
+438.7500E-06,-500.0000E-06
+439.0000E-06,-902.0101E-06
+439.2500E-06,-399.4975E-06
+439.5000E-06,-500.0000E-06
+439.7500E-06,-198.4925E-06
+440.0000E-06,-97.9900E-06
+440.2500E-06,-701.0050E-06
+440.5000E-06,-500.0000E-06
+440.7500E-06,-500.0000E-06
+441.0000E-06,-97.9900E-06
+441.2500E-06,-902.0101E-06
+441.5000E-06,-902.0101E-06
+441.7500E-06,-500.0000E-06
+442.0000E-06,-97.9900E-06
+442.2500E-06,-500.0000E-06
+442.5000E-06,-298.9950E-06
+442.7500E-06,-500.0000E-06
+443.0000E-06,-500.0000E-06
+443.2500E-06,-902.0101E-06
+443.5000E-06,-298.9950E-06
+443.7500E-06,-298.9950E-06
+444.0000E-06,-500.0000E-06
+444.2500E-06,-500.0000E-06
+444.5000E-06,-298.9950E-06
+444.7500E-06,-600.5025E-06
+445.0000E-06,-500.0000E-06
+445.2500E-06,-399.4975E-06
+445.5000E-06,-500.0000E-06
+445.7500E-06,-97.9900E-06
+446.0000E-06,-97.9900E-06
+446.2500E-06,-399.4975E-06
+446.5000E-06,-500.0000E-06
+446.7500E-06,+2.5125E-06
+447.0000E-06,-97.9900E-06
+447.2500E-06,-399.4975E-06
+447.5000E-06,-97.9900E-06
+447.7500E-06,+103.0150E-06
+448.0000E-06,-500.0000E-06
+448.2500E-06,-298.9950E-06
+448.5000E-06,-298.9950E-06
+448.7500E-06,-902.0101E-06
+449.0000E-06,+304.0201E-06
+449.2500E-06,+103.0150E-06
+449.5000E-06,-500.0000E-06
+449.7500E-06,-97.9900E-06
