-454.5000E-06,-201.0050E-06
-454.2500E-06,-182.1608E-06
-454.0000E-06,+0.0E+00
-453.7500E-06,+0.0E+00
-453.5000E-06,-69.0955E-06
-453.2500E-06,+0.0E+00
-453.0000E-06,-169.5980E-06
-452.7500E-06,+0.0E+00
-452.5000E-06,+0.0E+00
-452.2500E-06,-18.8442E-06
-452.0000E-06,+0.0E+00
-451.7500E-06,-119.3467E-06
-451.5000E-06,-69.0955E-06
-451.2500E-06,-201.0050E-06
-451.0000E-06,+0.0E+00
-450.7500E-06,-119.3467E-06
-450.5000E-06,+0.0E+00
-450.2500E-06,+0.0E+00
-450.0000E-06,-31.4070E-06
-449.7500E-06,-81.6583E-06
-449.5000E-06,-69.0955E-06
-449.2500E-06,-18.8442E-06
-449.0000E-06,+0.0E+00
-448.7500E-06,+0.0E+00
-448.5000E-06,+0.0E+00
-448.2500E-06,-18.8442E-06
-448.0000E-06,-31.4070E-06
-447.7500E-06,+0.0E+00
-447.5000E-06,-69.0955E-06
-447.2500E-06,-18.8442E-06
-447.0000E-06,+0.0E+00
-446.7500E-06,+0.0E+00
-446.5000E-06,-69.0955E-06
-446.2500E-06,+0.0E+00
-446.0000E-06,-169.5980E-06
-445.7500E-06,+0.0E+00
-445.5000E-06,-69.0955E-06
-445.2500E-06,+163.3166E-06
-445.0000E-06,+0.0E+00
-444.7500E-06,-119.3467E-06
-444.5000E-06,+0.0E+00
-444.2500E-06,-182.1608E-06
-444.0000E-06,+0.0E+00
-443.7500E-06,-201.0050E-06
-443.5000E-06,-69.0955E-06
-443.2500E-06,+182.1608E-06
-443.0000E-06,-169.5980E-06
-442.7500E-06,+0.0E+00
-442.5000E-06,+0.0E+00
-442.2500E-06,+0.0E+00
-442.0000E-06,-169.5980E-06
-441.7500E-06,+0.0E+00
-441.5000E-06,-131.9095E-06
-441.2500E-06,-182.1608E-06
-441.0000E-06,-201.0050E-06
-440.7500E-06,-201.0050E-06
-440.5000E-06,+0.0E+00
-440.2500E-06,-182.1608E-06
-440.0000E-06,-31.4070E-06
-439.7500E-06,-119.3467E-06
-439.5000E-06,+0.0E+00
-439.2500E-06,+0.0E+00
-439.0000E-06,-201.0050E-06
-438.7500E-06,-81.6583E-06
-438.5000E-06,-131.9095E-06
-438.2500E-06,+0.0E+00
-438.0000E-06,-31.4070E-06
-437.7500E-06,-201.0050E-06
-437.5000E-06,-62.8141E-06
-437.2500E-06,+0.0E+00
-437.0000E-06,-201.0050E-06
-436.7500E-06,-81.6583E-06
-436.5000E-06,+0.0E+00
-436.2500E-06,+0.0E+00
-436.0000E-06,-169.5980E-06
-435.7500E-06,-201.0050E-06
-435.5000E-06,-201.0050E-06
-435.2500E-06,+0.0E+00
-435.0000E-06,+0.0E+00
-434.7500E-06,+0.0E+00
-434.5000E-06,-131.9095E-06
-434.2500E-06,+0.0E+00
-434.0000E-06,+370.6030E-06
-433.7500E-06,-81.6583E-06
-433.5000E-06,-69.0955E-06
-433.2500E-06,-182.1608E-06
-433.0000E-06,-201.0050E-06
-432.7500E-06,-81.6583E-06
-432.5000E-06,-201.0050E-06
-432.2500E-06,-201.0050E-06
-432.0000E-06,-31.4070E-06
-431.7500E-06,-201.0050E-06
-431.5000E-06,-201.0050E-06
-431.2500E-06,-364.3216E-06
-431.0000E-06,+0.0E+00
-430.7500E-06,-119.3467E-06
-430.5000E-06,-69.0955E-06
-430.2500E-06,-182.1608E-06
-430.0000E-06,-201.0050E-06
-429.7500E-06,+0.0E+00
-429.5000E-06,+0.0E+00
-429.2500E-06,+0.0E+00
-429.0000E-06,-169.5980E-06
-428.7500E-06,-81.6583E-06
-428.5000E-06,+0.0E+00
-428.2500E-06,+0.0E+00
-428.0000E-06,-31.4070E-06
-427.7500E-06,+0.0E+00
-427.5000E-06,-201.0050E-06
-427.2500E-06,+0.0E+00
-427.0000E-06,+0.0E+00
-426.7500E-06,-119.3467E-06
-426.5000E-06,-201.0050E-06
-426.2500E-06,-201.0050E-06
-426.0000E-06,+0.0E+00
-425.7500E-06,-201.0050E-06
-425.5000E-06,+0.0E+00
-425.2500E-06,-201.0050E-06
-425.0000E-06,-370.6030E-06
-424.7500E-06,-238.6935E-06
-424.5000E-06,-201.0050E-06
-424.2500E-06,-182.1608E-06
-424.0000E-06,-62.8141E-06
-423.7500E-06,+0.0E+00
-423.5000E-06,+0.0E+00
-423.2500E-06,+0.0E+00
-423.0000E-06,-201.0050E-06
-422.7500E-06,-201.0050E-06
-422.5000E-06,-138.1910E-06
-422.2500E-06,-18.8442E-06
-422.0000E-06,+0.0E+00
-421.7500E-06,-201.0050E-06
-421.5000E-06,-201.0050E-06
-421.2500E-06,-18.8442E-06
-421.0000E-06,-201.0050E-06
-420.7500E-06,-81.6583E-06
-420.5000E-06,+0.0E+00
-420.2500E-06,-201.0050E-06
-420.0000E-06,-31.4070E-06
-419.7500E-06,-201.0050E-06
-419.5000E-06,-201.0050E-06
-419.2500E-06,+0.0E+00
-419.0000E-06,-31.4070E-06
-418.7500E-06,-201.0050E-06
-418.5000E-06,-69.0955E-06
-418.2500E-06,-201.0050E-06
-418.0000E-06,+0.0E+00
-417.7500E-06,-119.3467E-06
-417.5000E-06,+0.0E+00
-417.2500E-06,-18.8442E-06
-417.0000E-06,-169.5980E-06
-416.7500E-06,-201.0050E-06
-416.5000E-06,-201.0050E-06
-416.2500E-06,-201.0050E-06
-416.0000E-06,-201.0050E-06
-415.7500E-06,-201.0050E-06
-415.5000E-06,+0.0E+00
-415.2500E-06,-182.1608E-06
-415.0000E-06,+0.0E+00
-414.7500E-06,-201.0050E-06
-414.5000E-06,+0.0E+00
-414.2500E-06,+0.0E+00
-414.0000E-06,-169.5980E-06
-413.7500E-06,+81.6583E-06
-413.5000E-06,-131.9095E-06
-413.2500E-06,-201.0050E-06
-413.0000E-06,+0.0E+00
-412.7500E-06,-81.6583E-06
-412.5000E-06,-131.9095E-06
-412.2500E-06,-201.0050E-06
-412.0000E-06,-201.0050E-06
-411.7500E-06,-201.0050E-06
-411.5000E-06,-69.0955E-06
-411.2500E-06,+0.0E+00
-411.0000E-06,-201.0050E-06
-410.7500E-06,-201.0050E-06
-410.5000E-06,-131.9095E-06
-410.2500E-06,+0.0E+00
-410.0000E-06,-31.4070E-06
-409.7500E-06,+0.0E+00
-409.5000E-06,-201.0050E-06
-409.2500E-06,+0.0E+00
-409.0000E-06,-31.4070E-06
-408.7500E-06,-81.6583E-06
-408.5000E-06,-332.9146E-06
-408.2500E-06,-182.1608E-06
-408.0000E-06,-169.5980E-06
-407.7500E-06,-81.6583E-06
-407.5000E-06,-201.0050E-06
-407.2500E-06,-182.1608E-06
-407.0000E-06,-201.0050E-06
-406.7500E-06,-81.6583E-06
-406.5000E-06,-201.0050E-06
-406.2500E-06,-201.0050E-06
-406.0000E-06,-169.5980E-06
-405.7500E-06,-320.3518E-06
-405.5000E-06,-201.0050E-06
-405.2500E-06,-402.0100E-06
-405.0000E-06,-169.5980E-06
-404.7500E-06,-201.0050E-06
-404.5000E-06,-201.0050E-06
-404.2500E-06,-201.0050E-06
-404.0000E-06,+0.0E+00
-403.7500E-06,-201.0050E-06
-403.5000E-06,-201.0050E-06
-403.2500E-06,-18.8442E-06
-403.0000E-06,-201.0050E-06
-402.7500E-06,-201.0050E-06
-402.5000E-06,-131.9095E-06
-402.2500E-06,-182.1608E-06
-402.0000E-06,-201.0050E-06
-401.7500E-06,-201.0050E-06
-401.5000E-06,-270.1005E-06
-401.2500E-06,-182.1608E-06
-401.0000E-06,-169.5980E-06
-400.7500E-06,-201.0050E-06
-400.5000E-06,-201.0050E-06
-400.2500E-06,-201.0050E-06
-400.0000E-06,-169.5980E-06
-399.7500E-06,-201.0050E-06
-399.5000E-06,-201.0050E-06
-399.2500E-06,-201.0050E-06
-399.0000E-06,-201.0050E-06
-398.7500E-06,-201.0050E-06
-398.5000E-06,-201.0050E-06
-398.2500E-06,-201.0050E-06
-398.0000E-06,-201.0050E-06
-397.7500E-06,-201.0050E-06
-397.5000E-06,-69.0955E-06
-397.2500E-06,-201.0050E-06
-397.0000E-06,-169.5980E-06
-396.7500E-06,-201.0050E-06
-396.5000E-06,-201.0050E-06
-396.2500E-06,+0.0E+00
-396.0000E-06,-169.5980E-06
-395.7500E-06,-201.0050E-06
-395.5000E-06,-69.0955E-06
-395.2500E-06,-201.0050E-06
-395.0000E-06,-339.1960E-06
-394.7500E-06,-119.3467E-06
-394.5000E-06,-201.0050E-06
-394.2500E-06,-364.3216E-06
-394.0000E-06,-169.5980E-06
-393.7500E-06,-201.0050E-06
-393.5000E-06,-69.0955E-06
-393.2500E-06,-201.0050E-06
-393.0000E-06,-201.0050E-06
-392.7500E-06,-119.3467E-06
-392.5000E-06,-201.0050E-06
-392.2500E-06,-201.0050E-06
-392.0000E-06,+0.0E+00
-391.7500E-06,-119.3467E-06
-391.5000E-06,-69.0955E-06
-391.2500E-06,-201.0050E-06
-391.0000E-06,-169.5980E-06
-390.7500E-06,-201.0050E-06
-390.5000E-06,-201.0050E-06
-390.2500E-06,-18.8442E-06
-390.0000E-06,-169.5980E-06
-389.7500E-06,-119.3467E-06
-389.5000E-06,-263.8191E-06
-389.2500E-06,-201.0050E-06
-389.0000E-06,-169.5980E-06
-388.7500E-06,-119.3467E-06
-388.5000E-06,-69.0955E-06
-388.2500E-06,-201.0050E-06
-388.0000E-06,+0.0E+00
-387.7500E-06,+0.0E+00
-387.5000E-06,-69.0955E-06
-387.2500E-06,-219.8492E-06
-387.0000E-06,+0.0E+00
-386.7500E-06,-119.3467E-06
-386.5000E-06,-69.0955E-06
-386.2500E-06,-18.8442E-06
-386.0000E-06,-169.5980E-06
-385.7500E-06,-119.3467E-06
-385.5000E-06,-69.0955E-06
-385.2500E-06,-201.0050E-06
-385.0000E-06,-138.1910E-06
-384.7500E-06,-119.3467E-06
-384.5000E-06,-69.0955E-06
-384.2500E-06,-201.0050E-06
-384.0000E-06,+0.0E+00
-383.7500E-06,-119.3467E-06
-383.5000E-06,-69.0955E-06
-383.2500E-06,-201.0050E-06
-383.0000E-06,-169.5980E-06
-382.7500E-06,+0.0E+00
-382.5000E-06,-69.0955E-06
-382.2500E-06,-18.8442E-06
-382.0000E-06,+0.0E+00
-381.7500E-06,-37.6884E-06
-381.5000E-06,+0.0E+00
-381.2500E-06,-201.0050E-06
-381.0000E-06,+0.0E+00
-380.7500E-06,+0.0E+00
-380.5000E-06,-69.0955E-06
-380.2500E-06,-18.8442E-06
-380.0000E-06,-201.0050E-06
-379.7500E-06,-119.3467E-06
-379.5000E-06,-69.0955E-06
-379.2500E-06,+163.3166E-06
-379.0000E-06,+169.5980E-06
-378.7500E-06,+0.0E+00
-378.5000E-06,-69.0955E-06
-378.2500E-06,-18.8442E-06
-378.0000E-06,-106.7839E-06
-377.7500E-06,+0.0E+00
-377.5000E-06,-69.0955E-06
-377.2500E-06,-201.0050E-06
-377.0000E-06,+0.0E+00
-376.7500E-06,+119.3467E-06
-376.5000E-06,+0.0E+00
-376.2500E-06,+163.3166E-06
-376.0000E-06,-169.5980E-06
-375.7500E-06,+0.0E+00
-375.5000E-06,+131.9095E-06
-375.2500E-06,+0.0E+00
-375.0000E-06,+0.0E+00
-374.7500E-06,+0.0E+00
-374.5000E-06,+0.0E+00
-374.2500E-06,+0.0E+00
-374.0000E-06,-31.4070E-06
-373.7500E-06,+0.0E+00
-373.5000E-06,-69.0955E-06
-373.2500E-06,-18.8442E-06
-373.0000E-06,+0.0E+00
-372.7500E-06,-201.0050E-06
-372.5000E-06,+0.0E+00
-372.2500E-06,+0.0E+00
-372.0000E-06,+0.0E+00
-371.7500E-06,+0.0E+00
-371.5000E-06,-201.0050E-06
-371.2500E-06,+0.0E+00
-371.0000E-06,+0.0E+00
-370.7500E-06,-119.3467E-06
-370.5000E-06,+0.0E+00
-370.2500E-06,+0.0E+00
-370.0000E-06,+0.0E+00
-369.7500E-06,-276.3819E-06
-369.5000E-06,+0.0E+00
-369.2500E-06,+0.0E+00
-369.0000E-06,+0.0E+00
-368.7500E-06,+0.0E+00
-368.5000E-06,+0.0E+00
-368.2500E-06,-18.8442E-06
-368.0000E-06,+0.0E+00
-367.7500E-06,-81.6583E-06
-367.5000E-06,+0.0E+00
-367.2500E-06,-182.1608E-06
-367.0000E-06,-31.4070E-06
-366.7500E-06,+0.0E+00
-366.5000E-06,-131.9095E-06
-366.2500E-06,+0.0E+00
-366.0000E-06,-169.5980E-06
-365.7500E-06,-81.6583E-06
-365.5000E-06,-131.9095E-06
-365.2500E-06,-182.1608E-06
-365.0000E-06,-169.5980E-06
-364.7500E-06,-201.0050E-06
-364.5000E-06,-131.9095E-06
-364.2500E-06,+0.0E+00
-364.0000E-06,-169.5980E-06
-363.7500E-06,-201.0050E-06
-363.5000E-06,-131.9095E-06
-363.2500E-06,+0.0E+00
-363.0000E-06,-31.4070E-06
-362.7500E-06,-119.3467E-06
-362.5000E-06,-201.0050E-06
-362.2500E-06,-163.3166E-06
-362.0000E-06,-169.5980E-06
-361.7500E-06,+0.0E+00
-361.5000E-06,-131.9095E-06
-361.2500E-06,+0.0E+00
-361.0000E-06,-169.5980E-06
-360.7500E-06,-201.0050E-06
-360.5000E-06,-131.9095E-06
-360.2500E-06,-18.8442E-06
-360.0000E-06,+232.4121E-06
-359.7500E-06,-119.3467E-06
-359.5000E-06,-201.0050E-06
-359.2500E-06,-201.0050E-06
-359.0000E-06,-169.5980E-06
-358.7500E-06,-201.0050E-06
-358.5000E-06,-69.0955E-06
-358.2500E-06,+0.0E+00
-358.0000E-06,-169.5980E-06
-357.7500E-06,-201.0050E-06
-357.5000E-06,-69.0955E-06
-357.2500E-06,-18.8442E-06
-357.0000E-06,-169.5980E-06
-356.7500E-06,-201.0050E-06
-356.5000E-06,+0.0E+00
-356.2500E-06,-182.1608E-06
-356.0000E-06,-169.5980E-06
-355.7500E-06,-201.0050E-06
-355.5000E-06,+0.0E+00
-355.2500E-06,-18.8442E-06
-355.0000E-06,-169.5980E-06
-354.7500E-06,-119.3467E-06
-354.5000E-06,-201.0050E-06
-354.2500E-06,-219.8492E-06
-354.0000E-06,-138.1910E-06
-353.7500E-06,-119.3467E-06
-353.5000E-06,-69.0955E-06
-353.2500E-06,-182.1608E-06
-353.0000E-06,-169.5980E-06
-352.7500E-06,-37.6884E-06
-352.5000E-06,-69.0955E-06
-352.2500E-06,-18.8442E-06
-352.0000E-06,+31.4070E-06
-351.7500E-06,-119.3467E-06
-351.5000E-06,-69.0955E-06
-351.2500E-06,-18.8442E-06
-351.0000E-06,+31.4070E-06
-350.7500E-06,+81.6583E-06
-350.5000E-06,-270.1005E-06
-350.2500E-06,-18.8442E-06
-350.0000E-06,+0.0E+00
-349.7500E-06,-119.3467E-06
-349.5000E-06,+62.8141E-06
-349.2500E-06,+201.0050E-06
-349.0000E-06,-138.1910E-06
-348.7500E-06,+0.0E+00
-348.5000E-06,-69.0955E-06
-348.2500E-06,-37.6884E-06
-348.0000E-06,+169.5980E-06
-347.7500E-06,+81.6583E-06
-347.5000E-06,-69.0955E-06
-347.2500E-06,-18.8442E-06
-347.0000E-06,+0.0E+00
-346.7500E-06,-119.3467E-06
-346.5000E-06,+62.8141E-06
-346.2500E-06,-18.8442E-06
-346.0000E-06,+0.0E+00
-345.7500E-06,+0.0E+00
-345.5000E-06,-75.3769E-06
-345.2500E-06,-18.8442E-06
-345.0000E-06,+0.0E+00
-344.7500E-06,-37.6884E-06
-344.5000E-06,-138.1910E-06
-344.2500E-06,-18.8442E-06
-344.0000E-06,+0.0E+00
-343.7500E-06,-119.3467E-06
-343.5000E-06,-69.0955E-06
-343.2500E-06,-18.8442E-06
-343.0000E-06,+31.4070E-06
-342.7500E-06,+0.0E+00
-342.5000E-06,-69.0955E-06
-342.2500E-06,-18.8442E-06
-342.0000E-06,+0.0E+00
-341.7500E-06,+0.0E+00
-341.5000E-06,+0.0E+00
-341.2500E-06,-18.8442E-06
-341.0000E-06,-169.5980E-06
-340.7500E-06,+0.0E+00
-340.5000E-06,-69.0955E-06
-340.2500E-06,-18.8442E-06
-340.0000E-06,+0.0E+00
-339.7500E-06,+0.0E+00
-339.5000E-06,+0.0E+00
-339.2500E-06,+0.0E+00
-339.0000E-06,-169.5980E-06
-338.7500E-06,-201.0050E-06
-338.5000E-06,+0.0E+00
-338.2500E-06,+0.0E+00
-338.0000E-06,-31.4070E-06
-337.7500E-06,+0.0E+00
-337.5000E-06,-263.8191E-06
-337.2500E-06,-182.1608E-06
-337.0000E-06,-31.4070E-06
-336.7500E-06,-201.0050E-06
-336.5000E-06,+62.8141E-06
-336.2500E-06,-201.0050E-06
-336.0000E-06,+0.0E+00
-335.7500E-06,+0.0E+00
-335.5000E-06,+0.0E+00
-335.2500E-06,-201.0050E-06
-335.0000E-06,+0.0E+00
-334.7500E-06,-37.6884E-06
-334.5000E-06,-69.0955E-06
-334.2500E-06,+0.0E+00
-334.0000E-06,-31.4070E-06
-333.7500E-06,-81.6583E-06
-333.5000E-06,-201.0050E-06
-333.2500E-06,+0.0E+00
-333.0000E-06,+0.0E+00
-332.7500E-06,-119.3467E-06
-332.5000E-06,-69.0955E-06
-332.2500E-06,+0.0E+00
-332.0000E-06,-31.4070E-06
-331.7500E-06,-81.6583E-06
-331.5000E-06,+0.0E+00
-331.2500E-06,+0.0E+00
-331.0000E-06,+0.0E+00
-330.7500E-06,+0.0E+00
-330.5000E-06,-131.9095E-06
-330.2500E-06,+0.0E+00
-330.0000E-06,+0.0E+00
-329.7500E-06,-81.6583E-06
-329.5000E-06,+0.0E+00
-329.2500E-06,-18.8442E-06
-329.0000E-06,-201.0050E-06
-328.7500E-06,-81.6583E-06
-328.5000E-06,+0.0E+00
-328.2500E-06,+0.0E+00
-328.0000E-06,-31.4070E-06
-327.7500E-06,-201.0050E-06
-327.5000E-06,-332.9146E-06
-327.2500E-06,-163.3166E-06
-327.0000E-06,-201.0050E-06
-326.7500E-06,-119.3467E-06
-326.5000E-06,+131.9095E-06
-326.2500E-06,-182.1608E-06
-326.0000E-06,+0.0E+00
-325.7500E-06,-43.9698E-06
-325.5000E-06,-131.9095E-06
-325.2500E-06,-201.0050E-06
-325.0000E-06,-201.0050E-06
-324.7500E-06,-201.0050E-06
-324.5000E-06,-201.0050E-06
-324.2500E-06,-182.1608E-06
-324.0000E-06,-201.0050E-06
-323.7500E-06,+0.0E+00
-323.5000E-06,-131.9095E-06
-323.2500E-06,-18.8442E-06
-323.0000E-06,-31.4070E-06
-322.7500E-06,-201.0050E-06
-322.5000E-06,-201.0050E-06
-322.2500E-06,+0.0E+00
-322.0000E-06,-201.0050E-06
-321.7500E-06,-201.0050E-06
-321.5000E-06,-131.9095E-06
-321.2500E-06,-182.1608E-06
-321.0000E-06,-169.5980E-06
-320.7500E-06,-119.3467E-06
-320.5000E-06,+0.0E+00
-320.2500E-06,+0.0E+00
-320.0000E-06,-169.5980E-06
-319.7500E-06,-119.3467E-06
-319.5000E-06,+0.0E+00
-319.2500E-06,-201.0050E-06
-319.0000E-06,-169.5980E-06
-318.7500E-06,-201.0050E-06
-318.5000E-06,-69.0955E-06
-318.2500E-06,+0.0E+00
-318.0000E-06,-169.5980E-06
-317.7500E-06,-201.0050E-06
-317.5000E-06,-69.0955E-06
-317.2500E-06,-18.8442E-06
-317.0000E-06,+0.0E+00
-316.7500E-06,+0.0E+00
-316.5000E-06,+0.0E+00
-316.2500E-06,-201.0050E-06
-316.0000E-06,-169.5980E-06
-315.7500E-06,-119.3467E-06
-315.5000E-06,-69.0955E-06
-315.2500E-06,-18.8442E-06
-315.0000E-06,+0.0E+00
-314.7500E-06,-119.3467E-06
-314.5000E-06,-69.0955E-06
-314.2500E-06,-182.1608E-06
-314.0000E-06,+0.0E+00
-313.7500E-06,-119.3467E-06
-313.5000E-06,+0.0E+00
-313.2500E-06,-201.0050E-06
-313.0000E-06,-201.0050E-06
-312.7500E-06,+0.0E+00
-312.5000E-06,-201.0050E-06
-312.2500E-06,-219.8492E-06
-312.0000E-06,-169.5980E-06
-311.7500E-06,+0.0E+00
-311.5000E-06,-69.0955E-06
-311.2500E-06,+18.8442E-06
-311.0000E-06,+0.0E+00
-310.7500E-06,-119.3467E-06
-310.5000E-06,-69.0955E-06
-310.2500E-06,-201.0050E-06
-310.0000E-06,+0.0E+00
-309.7500E-06,-119.3467E-06
-309.5000E-06,-201.0050E-06
-309.2500E-06,-201.0050E-06
-309.0000E-06,+0.0E+00
-308.7500E-06,+0.0E+00
-308.5000E-06,-69.0955E-06
-308.2500E-06,-18.8442E-06
-308.0000E-06,+0.0E+00
-307.7500E-06,-119.3467E-06
-307.5000E-06,-131.9095E-06
-307.2500E-06,-201.0050E-06
-307.0000E-06,+0.0E+00
-306.7500E-06,-119.3467E-06
-306.5000E-06,+0.0E+00
-306.2500E-06,-18.8442E-06
-306.0000E-06,+0.0E+00
-305.7500E-06,+0.0E+00
-305.5000E-06,-69.0955E-06
-305.2500E-06,-18.8442E-06
-305.0000E-06,+31.4070E-06
-304.7500E-06,+0.0E+00
-304.5000E-06,-69.0955E-06
-304.2500E-06,-37.6884E-06
-304.0000E-06,-31.4070E-06
-303.7500E-06,+0.0E+00
-303.5000E-06,+131.9095E-06
-303.2500E-06,+0.0E+00
-303.0000E-06,+0.0E+00
-302.7500E-06,+0.0E+00
-302.5000E-06,+0.0E+00
-302.2500E-06,-18.8442E-06
-302.0000E-06,+0.0E+00
-301.7500E-06,+119.3467E-06
-301.5000E-06,-69.0955E-06
-301.2500E-06,-219.8492E-06
-301.0000E-06,+0.0E+00
-300.7500E-06,+0.0E+00
-300.5000E-06,+0.0E+00
-300.2500E-06,-18.8442E-06
-300.0000E-06,+169.5980E-06
-299.7500E-06,-119.3467E-06
-299.5000E-06,+0.0E+00
-299.2500E-06,-18.8442E-06
-299.0000E-06,+0.0E+00
-298.7500E-06,+0.0E+00
-298.5000E-06,+0.0E+00
-298.2500E-06,+0.0E+00
-298.0000E-06,+0.0E+00
-297.7500E-06,+0.0E+00
-297.5000E-06,+69.0955E-06
-297.2500E-06,+163.3166E-06
-297.0000E-06,+169.5980E-06
-296.7500E-06,+119.3467E-06
-296.5000E-06,+0.0E+00
-296.2500E-06,+0.0E+00
-296.0000E-06,+0.0E+00
-295.7500E-06,-201.0050E-06
-295.5000E-06,+0.0E+00
-295.2500E-06,+163.3166E-06
-295.0000E-06,-31.4070E-06
-294.7500E-06,-119.3467E-06
-294.5000E-06,+0.0E+00
-294.2500E-06,+0.0E+00
-294.0000E-06,+0.0E+00
-293.7500E-06,-81.6583E-06
-293.5000E-06,-69.0955E-06
-293.2500E-06,+0.0E+00
-293.0000E-06,+0.0E+00
-292.7500E-06,+0.0E+00
-292.5000E-06,+0.0E+00
-292.2500E-06,-182.1608E-06
-292.0000E-06,-31.4070E-06
-291.7500E-06,+0.0E+00
-291.5000E-06,-69.0955E-06
-291.2500E-06,+0.0E+00
-291.0000E-06,-31.4070E-06
-290.7500E-06,-81.6583E-06
-290.5000E-06,+0.0E+00
-290.2500E-06,+0.0E+00
-290.0000E-06,+169.5980E-06
-289.7500E-06,+0.0E+00
-289.5000E-06,-69.0955E-06
-289.2500E-06,+0.0E+00
-289.0000E-06,-31.4070E-06
-288.7500E-06,+0.0E+00
-288.5000E-06,+0.0E+00
-288.2500E-06,+0.0E+00
-288.0000E-06,+0.0E+00
-287.7500E-06,-201.0050E-06
-287.5000E-06,+0.0E+00
-287.2500E-06,+0.0E+00
-287.0000E-06,-201.0050E-06
-286.7500E-06,+0.0E+00
-286.5000E-06,+0.0E+00
-286.2500E-06,-201.0050E-06
-286.0000E-06,+0.0E+00
-285.7500E-06,+0.0E+00
-285.5000E-06,-201.0050E-06
-285.2500E-06,+0.0E+00
-285.0000E-06,-31.4070E-06
-284.7500E-06,-201.0050E-06
-284.5000E-06,+0.0E+00
-284.2500E-06,-163.3166E-06
-284.0000E-06,+0.0E+00
-283.7500E-06,-119.3467E-06
-283.5000E-06,+0.0E+00
-283.2500E-06,+0.0E+00
-283.0000E-06,+0.0E+00
-282.7500E-06,-81.6583E-06
-282.5000E-06,-201.0050E-06
-282.2500E-06,-18.8442E-06
-282.0000E-06,+0.0E+00
-281.7500E-06,-119.3467E-06
-281.5000E-06,+0.0E+00
-281.2500E-06,-182.1608E-06
-281.0000E-06,-31.4070E-06
-280.7500E-06,+0.0E+00
-280.5000E-06,+0.0E+00
-280.2500E-06,+0.0E+00
-280.0000E-06,+0.0E+00
-279.7500E-06,+0.0E+00
-279.5000E-06,-131.9095E-06
-279.2500E-06,-18.8442E-06
-279.0000E-06,-201.0050E-06
-278.7500E-06,-81.6583E-06
-278.5000E-06,-201.0050E-06
-278.2500E-06,-18.8442E-06
-278.0000E-06,+0.0E+00
-277.7500E-06,+0.0E+00
-277.5000E-06,+0.0E+00
-277.2500E-06,+0.0E+00
-277.0000E-06,-169.5980E-06
-276.7500E-06,+0.0E+00
-276.5000E-06,+0.0E+00
-276.2500E-06,-201.0050E-06
-276.0000E-06,+0.0E+00
-275.7500E-06,-119.3467E-06
-275.5000E-06,-69.0955E-06
-275.2500E-06,-182.1608E-06
-275.0000E-06,-201.0050E-06
-274.7500E-06,-119.3467E-06
-274.5000E-06,+0.0E+00
-274.2500E-06,-383.1658E-06
-274.0000E-06,+0.0E+00
-273.7500E-06,+0.0E+00
-273.5000E-06,-69.0955E-06
-273.2500E-06,+0.0E+00
-273.0000E-06,+0.0E+00
-272.7500E-06,-119.3467E-06
-272.5000E-06,-69.0955E-06
-272.2500E-06,-18.8442E-06
-272.0000E-06,+0.0E+00
-271.7500E-06,+0.0E+00
-271.5000E-06,+0.0E+00
-271.2500E-06,-182.1608E-06
-271.0000E-06,+31.4070E-06
-270.7500E-06,+0.0E+00
-270.5000E-06,-69.0955E-06
-270.2500E-06,+0.0E+00
-270.0000E-06,+169.5980E-06
-269.7500E-06,-119.3467E-06
-269.5000E-06,-69.0955E-06
-269.2500E-06,-201.0050E-06
-269.0000E-06,+0.0E+00
-268.7500E-06,+0.0E+00
-268.5000E-06,-201.0050E-06
-268.2500E-06,+163.3166E-06
-268.0000E-06,+973.6181E-06
-267.7500E-06,+402.0100E-06
-267.5000E-06,+935.9296E-06
-267.2500E-06,+1.2060301E-03
-267.0000E-06,+1.3756281E-03
-266.7500E-06,+1.5263819E-03
-266.5000E-06,+1.6771357E-03
-266.2500E-06,+1.9912060E-03
-266.0000E-06,+1.8090452E-03
-265.7500E-06,+1.9283919E-03
-265.5000E-06,+1.7462311E-03
-265.2500E-06,+1.7902010E-03
-265.0000E-06,+1.5452261E-03
-264.7500E-06,+1.1243718E-03
-264.5000E-06,+804.0201E-06
-264.2500E-06,+383.1658E-06
-264.0000E-06,-402.0100E-06
-263.7500E-06,-603.0151E-06
-263.5000E-06,-1.2060301E-03
-263.2500E-06,-1.8090452E-03
-263.0000E-06,-2.2424623E-03
-262.7500E-06,-2.6130653E-03
-262.5000E-06,-2.9459799E-03
-262.2500E-06,-2.3932161E-03
-262.0000E-06,-3.0464824E-03
-261.7500E-06,-2.6130653E-03
-261.5000E-06,-2.4811558E-03
-261.2500E-06,-2.3932161E-03
-261.0000E-06,-1.8090452E-03
-260.7500E-06,-1.2060301E-03
-260.5000E-06,-182.1608E-06
-260.2500E-06,+621.8593E-06
-260.0000E-06,+741.2060E-06
-259.7500E-06,+1.5263819E-03
-259.5000E-06,+2.3429648E-03
-259.2500E-06,+3.0150753E-03
-259.0000E-06,+3.3856784E-03
-258.7500E-06,+3.9384422E-03
-258.5000E-06,+4.0891959E-03
-258.2500E-06,+4.0389447E-03
-258.0000E-06,+3.8819095E-03
-257.7500E-06,+4.0201005E-03
-257.5000E-06,+3.6871859E-03
-257.2500E-06,+3.0339196E-03
-257.0000E-06,+2.4120603E-03
-256.7500E-06,+2.0603015E-03
-256.5000E-06,+138.1910E-06
-256.2500E-06,-18.8442E-06
-256.0000E-06,-835.4271E-06
-255.7500E-06,-1.8090452E-03
-255.5000E-06,-2.8140703E-03
-255.2500E-06,-3.6180904E-03
-255.0000E-06,-4.2525125E-03
-254.7500E-06,-4.4221105E-03
-254.5000E-06,-4.7550251E-03
-254.2500E-06,-4.8052763E-03
-254.0000E-06,-4.4535175E-03
-253.7500E-06,-4.1017587E-03
-253.5000E-06,-3.7500000E-03
-253.2500E-06,-2.9962311E-03
-253.0000E-06,-2.2110553E-03
-252.7500E-06,-565.3266E-06
-252.5000E-06,-201.0050E-06
-252.2500E-06,+986.1809E-06
-252.0000E-06,+2.0100502E-03
-251.7500E-06,+3.3354271E-03
-251.5000E-06,+4.0891959E-03
-251.2500E-06,+4.6231155E-03
-251.0000E-06,+5.4585427E-03
-250.7500E-06,+5.8291457E-03
-250.5000E-06,+5.8291457E-03
-250.2500E-06,+5.8856783E-03
-250.0000E-06,+5.4271356E-03
-249.7500E-06,+4.8241206E-03
-249.5000E-06,+4.1520100E-03
-249.2500E-06,+3.2160804E-03
-249.0000E-06,+2.7198492E-03
-248.7500E-06,+326.6332E-06
-248.5000E-06,-131.9095E-06
-248.2500E-06,-1.2060301E-03
-248.0000E-06,-2.4120603E-03
-247.7500E-06,-3.6180904E-03
-247.5000E-06,-4.5540201E-03
-247.2500E-06,-5.2261306E-03
-247.0000E-06,-5.6281406E-03
-246.7500E-06,-5.9484924E-03
-246.5000E-06,-6.0301507E-03
-246.2500E-06,-5.8103014E-03
-246.0000E-06,-5.0565326E-03
-245.7500E-06,-4.4221105E-03
-245.5000E-06,-3.6180904E-03
-245.2500E-06,-2.5942211E-03
-245.0000E-06,-201.0050E-06
-244.7500E-06,+81.6583E-06
-244.5000E-06,+1.4698492E-03
-244.2500E-06,+2.7952261E-03
-244.0000E-06,+3.8505025E-03
-243.7500E-06,+4.9874371E-03
-243.5000E-06,+5.9610552E-03
-243.2500E-06,+6.4133165E-03
-243.0000E-06,+6.8341708E-03
-242.7500E-06,+7.0351758E-03
-242.5000E-06,+6.6268843E-03
-242.2500E-06,+6.5954773E-03
-242.0000E-06,+5.6595477E-03
-241.7500E-06,+4.8241206E-03
-241.5000E-06,+3.9510050E-03
-241.2500E-06,+2.0477387E-03
-241.0000E-06,+603.0151E-06
-240.7500E-06,-81.6583E-06
-240.5000E-06,-1.4070352E-03
-240.2500E-06,-2.9962311E-03
-240.0000E-06,-3.8819095E-03
-239.7500E-06,-5.2261306E-03
-239.5000E-06,-5.8982411E-03
-239.2500E-06,-6.4321607E-03
-239.0000E-06,-6.4635678E-03
-238.7500E-06,-6.7148240E-03
-238.5000E-06,-5.8982411E-03
-238.2500E-06,-5.6281406E-03
-238.0000E-06,-4.7927135E-03
-237.7500E-06,-3.9384422E-03
-237.5000E-06,-2.8140703E-03
-237.2500E-06,-201.0050E-06
-237.0000E-06,+402.0100E-06
-236.7500E-06,+1.8907035E-03
-236.5000E-06,+3.2788944E-03
-236.2500E-06,+4.5854271E-03
-236.0000E-06,+5.8291457E-03
-235.7500E-06,+6.5954773E-03
-235.5000E-06,+7.1670853E-03
-235.2500E-06,+7.6193467E-03
-235.0000E-06,+7.8077889E-03
-234.7500E-06,+7.6381909E-03
-234.5000E-06,+6.9660803E-03
-234.2500E-06,+6.2123115E-03
-234.0000E-06,+5.2575376E-03
-233.7500E-06,+4.2211055E-03
-233.5000E-06,+2.4811558E-03
-233.2500E-06,+986.1809E-06
-233.0000E-06,-201.0050E-06
-232.7500E-06,-2.0100502E-03
-232.5000E-06,-3.4170854E-03
-232.2500E-06,-4.6231155E-03
-232.0000E-06,-5.6281406E-03
-231.7500E-06,-6.1871859E-03
-231.5000E-06,-6.8341708E-03
-231.2500E-06,-7.2361808E-03
-231.0000E-06,-6.9723617E-03
-230.7500E-06,-6.5515075E-03
-230.5000E-06,-5.8291457E-03
-230.2500E-06,-4.8618090E-03
-230.0000E-06,-3.8505025E-03
-229.7500E-06,-2.1733668E-03
-229.5000E-06,-603.0151E-06
-229.2500E-06,+584.1708E-06
-229.0000E-06,+2.2110553E-03
-228.7500E-06,+3.6180904E-03
-228.5000E-06,+4.8932160E-03
-228.2500E-06,+6.2311557E-03
-228.0000E-06,+7.2047738E-03
-227.7500E-06,+7.7575376E-03
-227.5000E-06,+7.9711054E-03
-227.2500E-06,+7.8580401E-03
-227.0000E-06,+7.3743718E-03
-226.7500E-06,+7.1545225E-03
-226.5000E-06,+6.3002512E-03
-226.2500E-06,+5.4271356E-03
-226.0000E-06,+2.4874371E-03
-225.7500E-06,+810.3015E-06
-225.5000E-06,+1.0050251E-03
-225.2500E-06,-603.0151E-06
-225.0000E-06,-2.2110553E-03
-224.7500E-06,-3.6180904E-03
-224.5000E-06,-4.8241206E-03
-224.2500E-06,-5.8668341E-03
-224.0000E-06,-6.6331658E-03
-223.7500E-06,-7.2361808E-03
-223.5000E-06,-7.2361808E-03
-223.2500E-06,-7.0351758E-03
-223.0000E-06,-6.6645728E-03
-222.7500E-06,-6.0301507E-03
-222.5000E-06,-4.8932160E-03
-222.2500E-06,-3.8190954E-03
-222.0000E-06,-1.8530151E-03
-221.7500E-06,-841.7085E-06
-221.5000E-06,+873.1156E-06
-221.2500E-06,+2.6130653E-03
-221.0000E-06,+4.1896984E-03
-220.7500E-06,+5.3077889E-03
-220.5000E-06,+6.5703517E-03
-220.2500E-06,+7.4371858E-03
-220.0000E-06,+8.0087939E-03
-219.7500E-06,+8.2788944E-03
-219.5000E-06,+8.1783919E-03
-219.2500E-06,+7.6758793E-03
-219.0000E-06,+7.2361808E-03
-218.7500E-06,+6.2688442E-03
-218.5000E-06,+5.1570351E-03
-218.2500E-06,+4.2399497E-03
-218.0000E-06,+1.6394472E-03
-217.7500E-06,+722.3618E-06
-217.5000E-06,-1.0050251E-03
-217.2500E-06,-2.6130653E-03
-217.0000E-06,-4.0201005E-03
-216.7500E-06,-5.3454773E-03
-216.5000E-06,-6.2311557E-03
-216.2500E-06,-7.0351758E-03
-216.0000E-06,-7.4685929E-03
-215.7500E-06,-7.5188441E-03
-215.5000E-06,-7.5690954E-03
-215.2500E-06,-6.6331658E-03
-215.0000E-06,-6.0301507E-03
-214.7500E-06,-4.7864321E-03
-214.5000E-06,-3.7500000E-03
-214.2500E-06,-1.2248744E-03
-214.0000E-06,-804.0201E-06
-213.7500E-06,+1.2060301E-03
-213.5000E-06,+2.6821608E-03
-213.2500E-06,+4.2399497E-03
-213.0000E-06,+5.9673366E-03
-212.7500E-06,+6.8341708E-03
-212.5000E-06,+7.6381909E-03
-212.2500E-06,+8.0590451E-03
-212.0000E-06,+8.4108039E-03
-211.7500E-06,+8.0402009E-03
-211.5000E-06,+8.0402009E-03
-211.2500E-06,+7.0540200E-03
-211.0000E-06,+6.0301507E-03
-210.7500E-06,+5.0251256E-03
-210.5000E-06,+3.5552763E-03
-210.2500E-06,+1.6080402E-03
-210.0000E-06,+169.5980E-06
-209.7500E-06,-1.6896985E-03
-209.5000E-06,-3.0778894E-03
-209.2500E-06,-4.5854271E-03
-209.0000E-06,-5.6595477E-03
-208.7500E-06,-6.6331658E-03
-208.5000E-06,-7.2361808E-03
-208.2500E-06,-7.6193467E-03
-208.0000E-06,-7.4999999E-03
-207.7500E-06,-7.1168341E-03
-207.5000E-06,-6.7650753E-03
-207.2500E-06,-5.8103014E-03
-207.0000E-06,-4.6545226E-03
-206.7500E-06,-3.0087939E-03
-206.5000E-06,-942.2110E-06
-206.2500E-06,-18.8442E-06
-206.0000E-06,+1.6080402E-03
-205.7500E-06,+3.1783919E-03
-205.5000E-06,+4.8241206E-03
-205.2500E-06,+6.2123115E-03
-205.0000E-06,+7.0665828E-03
-204.7500E-06,+7.9208542E-03
-204.5000E-06,+8.4422110E-03
-204.2500E-06,+8.2600502E-03
-204.0000E-06,+8.3040200E-03
-203.7500E-06,+7.6381909E-03
-203.5000E-06,+7.1670853E-03
-203.2500E-06,+6.0113065E-03
-203.0000E-06,+4.0766331E-03
-202.7500E-06,+2.6507537E-03
-202.5000E-06,+1.4761306E-03
-202.2500E-06,-182.1608E-06
-202.0000E-06,-1.8404522E-03
-201.7500E-06,-3.4170854E-03
-201.5000E-06,-4.8932160E-03
-201.2500E-06,-6.0301507E-03
-201.0000E-06,-6.8341708E-03
-200.7500E-06,-7.4371858E-03
-200.5000E-06,-7.7701004E-03
-200.2500E-06,-7.8203517E-03
-200.0000E-06,-7.2047738E-03
-199.7500E-06,-6.6331658E-03
-199.5000E-06,-5.6281406E-03
-199.2500E-06,-4.4409547E-03
-199.0000E-06,-2.8706030E-03
-198.7500E-06,-1.6080402E-03
-198.5000E-06,+201.0050E-06
-198.2500E-06,+2.0100502E-03
-198.0000E-06,+3.8190954E-03
-197.7500E-06,+5.1884422E-03
-197.5000E-06,+6.4949748E-03
-197.2500E-06,+7.6005024E-03
-197.0000E-06,+8.4422110E-03
-196.7500E-06,+8.6432160E-03
-196.5000E-06,+8.5741205E-03
-196.2500E-06,+7.8203517E-03
-196.0000E-06,+8.0402009E-03
-195.7500E-06,+6.9535175E-03
-195.5000E-06,+6.0301507E-03
-195.2500E-06,+3.3165829E-03
-195.0000E-06,+1.6708543E-03
-194.7500E-06,+1.3253769E-03
-194.5000E-06,-402.0100E-06
-194.2500E-06,-2.2110553E-03
-194.0000E-06,-3.7876884E-03
-193.7500E-06,-5.1444723E-03
-193.5000E-06,-6.0992462E-03
-193.2500E-06,-7.0351758E-03
-193.0000E-06,-7.6067838E-03
-192.7500E-06,-7.6381909E-03
-192.5000E-06,-7.5753768E-03
-192.2500E-06,-7.0351758E-03
-192.0000E-06,-6.2311557E-03
-191.7500E-06,-5.3454773E-03
-191.5000E-06,-4.0891959E-03
-191.2500E-06,-2.3932161E-03
-191.0000E-06,-1.2060301E-03
-190.7500E-06,+923.3668E-06
-190.5000E-06,+2.4811558E-03
-190.2500E-06,+4.2211055E-03
-190.0000E-06,+5.7977386E-03
-189.7500E-06,+6.9535175E-03
-189.5000E-06,+7.8391959E-03
-189.2500E-06,+8.2412059E-03
-189.0000E-06,+8.7814069E-03
-188.7500E-06,+8.4422110E-03
-188.5000E-06,+7.9082914E-03
-188.2500E-06,+7.6381909E-03
-188.0000E-06,+6.4321607E-03
-187.7500E-06,+5.4648241E-03
-187.5000E-06,+4.5540201E-03
-187.2500E-06,+2.1922110E-03
-187.0000E-06,+942.2110E-06
-186.7500E-06,-885.6784E-06
-186.5000E-06,-2.6130653E-03
-186.2500E-06,-3.8379397E-03
-186.0000E-06,-5.4271356E-03
-185.7500E-06,-6.4321607E-03
-185.5000E-06,-7.0351758E-03
-185.2500E-06,-7.6381909E-03
-185.0000E-06,-7.4685929E-03
-184.7500E-06,-7.4371858E-03
-184.5000E-06,-7.1042713E-03
-184.2500E-06,-6.0678391E-03
-184.0000E-06,-5.0565326E-03
-183.7500E-06,-3.4987437E-03
-183.5000E-06,-1.5389447E-03
-183.2500E-06,-603.0151E-06
-183.0000E-06,+1.1746231E-03
-182.7500E-06,+3.0150753E-03
-182.5000E-06,+4.4912060E-03
-182.2500E-06,+6.0301507E-03
-182.0000E-06,+7.0351758E-03
-181.7500E-06,+7.9585426E-03
-181.5000E-06,+8.4422110E-03
-181.2500E-06,+8.6620602E-03
-181.0000E-06,+8.4108039E-03
-180.7500E-06,+8.3605527E-03
-180.5000E-06,+7.5062813E-03
-180.2500E-06,+6.4510050E-03
-180.0000E-06,+5.1947236E-03
-179.7500E-06,+3.5364321E-03
-179.5000E-06,+2.0791457E-03
-179.2500E-06,+603.0151E-06
-179.0000E-06,-1.2374372E-03
-178.7500E-06,-2.9773869E-03
-178.5000E-06,-4.3530150E-03
-178.2500E-06,-5.8103014E-03
-178.0000E-06,-6.6645728E-03
-177.7500E-06,-7.3178391E-03
-177.5000E-06,-7.6381909E-03
-177.2500E-06,-7.6381909E-03
-177.0000E-06,-7.7135678E-03
-176.7500E-06,-6.7148240E-03
-176.5000E-06,-5.9610552E-03
-176.2500E-06,-4.8052763E-03
-176.0000E-06,-665.8291E-06
-175.7500E-06,-1.0866834E-03
-175.5000E-06,-201.0050E-06
-175.2500E-06,+1.6080402E-03
-175.0000E-06,+3.3856784E-03
-174.7500E-06,+4.9434673E-03
-174.5000E-06,+6.2311557E-03
-174.2500E-06,+7.2550250E-03
-174.0000E-06,+7.8391959E-03
-173.7500E-06,+8.5615577E-03
-173.5000E-06,+8.5113064E-03
-173.2500E-06,+8.2412059E-03
-173.0000E-06,+7.8077889E-03
-172.7500E-06,+7.1545225E-03
-172.5000E-06,+5.8982411E-03
-172.2500E-06,+2.6821608E-03
-172.0000E-06,+1.8844221E-03
-171.7500E-06,+1.5263819E-03
-171.5000E-06,-62.8141E-06
-171.2500E-06,-1.7902010E-03
-171.0000E-06,-3.4484924E-03
-170.7500E-06,-4.7864321E-03
-170.5000E-06,-6.0929648E-03
-170.2500E-06,-7.0163316E-03
-170.0000E-06,-7.6381909E-03
-169.7500E-06,-7.7198492E-03
-169.5000E-06,-7.8391959E-03
-169.2500E-06,-7.2361808E-03
-169.0000E-06,-6.6331658E-03
-168.7500E-06,-5.5087939E-03
-168.5000E-06,-4.4221105E-03
-168.2500E-06,-2.6695980E-03
-168.0000E-06,-1.5452261E-03
-167.7500E-06,+282.6633E-06
-167.5000E-06,+1.6834171E-03
-167.2500E-06,+3.8190954E-03
-167.0000E-06,+5.2889447E-03
-166.7500E-06,+6.3944723E-03
-166.5000E-06,+7.4371858E-03
-166.2500E-06,+8.0402009E-03
-166.0000E-06,+8.6746230E-03
-165.7500E-06,+8.6432160E-03
-165.5000E-06,+8.3668341E-03
-165.2500E-06,+8.0213567E-03
-165.0000E-06,+6.8341708E-03
-164.7500E-06,+5.7097989E-03
-164.5000E-06,+4.4912060E-03
-164.2500E-06,+2.4309045E-03
-164.0000E-06,+1.1746231E-03
-163.7500E-06,-684.6734E-06
-163.5000E-06,-2.2110553E-03
-163.2500E-06,-3.8002512E-03
-163.0000E-06,-5.1947236E-03
-162.7500E-06,-6.3128140E-03
-162.5000E-06,-7.0351758E-03
-162.2500E-06,-7.4560301E-03
-162.0000E-06,-7.8391959E-03
-161.7500E-06,-7.5188441E-03
-161.5000E-06,-7.0351758E-03
-161.2500E-06,-6.4133165E-03
-161.0000E-06,-5.3957286E-03
-160.7500E-06,-4.1394472E-03
-160.5000E-06,-2.8140703E-03
-160.2500E-06,-1.2060301E-03
-160.0000E-06,+201.0050E-06
-159.7500E-06,+1.4886935E-03
-159.5000E-06,+2.8831658E-03
-159.2500E-06,+4.0201005E-03
-159.0000E-06,+5.2261306E-03
-158.7500E-06,+5.8291457E-03
-158.5000E-06,+6.4321607E-03
-158.2500E-06,+6.6331658E-03
-158.0000E-06,+6.8341708E-03
-157.7500E-06,+5.9484924E-03
-157.5000E-06,+6.0301507E-03
-157.2500E-06,+5.4271356E-03
-157.0000E-06,+4.4221105E-03
-156.7500E-06,+3.6180904E-03
-156.5000E-06,+2.4120603E-03
-156.2500E-06,+1.2060301E-03
-156.0000E-06,+0.0E+00
-155.7500E-06,-1.0050251E-03
-155.5000E-06,-2.0791457E-03
-155.2500E-06,-3.0150753E-03
-155.0000E-06,-3.8190954E-03
-154.7500E-06,-4.4221105E-03
-154.5000E-06,-4.6231155E-03
-154.2500E-06,-4.8241206E-03
-154.0000E-06,-5.0251256E-03
-153.7500E-06,-4.5414572E-03
-153.5000E-06,-4.2211055E-03
-153.2500E-06,-3.4359296E-03
-153.0000E-06,-2.7826633E-03
-152.7500E-06,-1.9283919E-03
-152.5000E-06,-873.1156E-06
-152.2500E-06,+0.0E+00
-152.0000E-06,+835.4271E-06
-151.7500E-06,+1.6080402E-03
-151.5000E-06,+2.7449748E-03
-151.2500E-06,+3.1972361E-03
-151.0000E-06,+3.6809045E-03
-150.7500E-06,+4.2211055E-03
-150.5000E-06,+4.6231155E-03
-150.2500E-06,+4.4221105E-03
-150.0000E-06,+4.6859296E-03
-149.7500E-06,+4.4221105E-03
-149.5000E-06,+3.8190954E-03
-149.2500E-06,+3.4170854E-03
-149.0000E-06,+2.6130653E-03
-148.7500E-06,+2.0100502E-03
-148.5000E-06,+1.1369347E-03
-148.2500E-06,+402.0100E-06
-148.0000E-06,-402.0100E-06
-147.7500E-06,-1.0050251E-03
-147.5000E-06,-1.6080402E-03
-147.2500E-06,-2.4120603E-03
-147.0000E-06,-2.4434673E-03
-146.7500E-06,-2.8140703E-03
-146.5000E-06,-3.0150753E-03
-146.2500E-06,-3.0339196E-03
-146.0000E-06,-2.8454774E-03
-145.7500E-06,-2.6947236E-03
-145.5000E-06,-2.2110553E-03
-145.2500E-06,-2.0100502E-03
-145.0000E-06,-1.2060301E-03
-144.7500E-06,-603.0151E-06
-144.5000E-06,+0.0E+00
-144.2500E-06,+584.1708E-06
-144.0000E-06,+1.0364321E-03
-143.7500E-06,+1.7273869E-03
-143.5000E-06,+2.2110553E-03
-143.2500E-06,+2.6130653E-03
-143.0000E-06,+2.9836683E-03
-142.7500E-06,+3.1344221E-03
-142.5000E-06,+3.2160804E-03
-142.2500E-06,+3.3605527E-03
-142.0000E-06,+3.0150753E-03
-141.7500E-06,+2.8140703E-03
-141.5000E-06,+2.4811558E-03
-141.2500E-06,+2.0100502E-03
-141.0000E-06,+1.5766331E-03
-140.7500E-06,+1.0050251E-03
-140.5000E-06,+603.0151E-06
-140.2500E-06,+0.0E+00
-140.0000E-06,-402.0100E-06
-139.7500E-06,-804.0201E-06
-139.5000E-06,-1.0741206E-03
-139.2500E-06,-1.5703517E-03
-139.0000E-06,-1.6394472E-03
-138.7500E-06,-1.8090452E-03
-138.5000E-06,-2.0100502E-03
-138.2500E-06,-1.8090452E-03
-138.0000E-06,-1.6080402E-03
-137.7500E-06,-1.5703517E-03
-137.5000E-06,-1.0741206E-03
-137.2500E-06,-804.0201E-06
-137.0000E-06,-433.4171E-06
-136.7500E-06,-81.6583E-06
-136.5000E-06,+270.1005E-06
-136.2500E-06,+804.0201E-06
-136.0000E-06,+1.1746231E-03
-135.7500E-06,+1.4070352E-03
-135.5000E-06,+1.6080402E-03
-135.2500E-06,+1.8278894E-03
-135.0000E-06,+2.1796482E-03
-134.7500E-06,+2.0100502E-03
-134.5000E-06,+1.9472362E-03
-134.2500E-06,+1.8467336E-03
-134.0000E-06,+1.9786432E-03
-133.7500E-06,+1.8090452E-03
-133.5000E-06,+1.6080402E-03
-133.2500E-06,+1.2060301E-03
-133.0000E-06,+804.0201E-06
-132.7500E-06,+521.3568E-06
-132.5000E-06,+201.0050E-06
-132.2500E-06,-182.1608E-06
-132.0000E-06,-571.6080E-06
-131.7500E-06,-483.6683E-06
-131.5000E-06,-804.0201E-06
-131.2500E-06,-986.1809E-06
-131.0000E-06,-1.2060301E-03
-130.7500E-06,-1.2876884E-03
-130.5000E-06,-1.1369347E-03
-130.2500E-06,-1.0050251E-03
-130.0000E-06,-835.4271E-06
-129.7500E-06,-766.3316E-06
-129.5000E-06,-533.9196E-06
-129.2500E-06,-364.3216E-06
-129.0000E-06,-169.5980E-06
-128.7500E-06,+119.3467E-06
-128.5000E-06,+402.0100E-06
-128.2500E-06,+621.8593E-06
-128.0000E-06,+1.0050251E-03
-127.7500E-06,+967.3367E-06
-127.5000E-06,+1.0050251E-03
-127.2500E-06,+1.4070352E-03
-127.0000E-06,+1.4070352E-03
-126.7500E-06,+1.4447236E-03
-126.5000E-06,+1.4070352E-03
-126.2500E-06,+1.2248744E-03
-126.0000E-06,+1.2060301E-03
-125.7500E-06,+1.2060301E-03
-125.5000E-06,+873.1156E-06
-125.2500E-06,+804.0201E-06
-125.0000E-06,+402.0100E-06
-124.7500E-06,+201.0050E-06
-124.5000E-06,+0.0E+00
-124.2500E-06,-182.1608E-06
-124.0000E-06,-402.0100E-06
-123.7500E-06,-521.3568E-06
-123.5000E-06,-734.9246E-06
-123.2500E-06,-603.0151E-06
-123.0000E-06,-772.6131E-06
-122.7500E-06,-804.0201E-06
-122.5000E-06,-603.0151E-06
-122.2500E-06,-621.8593E-06
-122.0000E-06,-571.6080E-06
-121.7500E-06,-402.0100E-06
-121.5000E-06,-332.9146E-06
-121.2500E-06,+0.0E+00
-121.0000E-06,+201.0050E-06
-120.7500E-06,+282.6633E-06
-120.5000E-06,+402.0100E-06
-120.2500E-06,+402.0100E-06
-120.0000E-06,+835.4271E-06
-119.7500E-06,+885.6784E-06
-119.5000E-06,+935.9296E-06
-119.2500E-06,+1.0050251E-03
-119.0000E-06,+1.0050251E-03
-118.7500E-06,+1.0050251E-03
-118.5000E-06,+1.0050251E-03
-118.2500E-06,+804.0201E-06
-118.0000E-06,+634.4221E-06
-117.7500E-06,+684.6734E-06
-117.5000E-06,+471.1055E-06
-117.2500E-06,+402.0100E-06
-117.0000E-06,+232.4121E-06
-116.7500E-06,+201.0050E-06
-116.5000E-06,+0.0E+00
-116.2500E-06,-18.8442E-06
-116.0000E-06,-201.0050E-06
-115.7500E-06,-320.3518E-06
-115.5000E-06,-270.1005E-06
-115.2500E-06,-420.8543E-06
-115.0000E-06,-370.6030E-06
-114.7500E-06,-402.0100E-06
-114.5000E-06,-471.1055E-06
-114.2500E-06,-402.0100E-06
-114.0000E-06,-169.5980E-06
-113.7500E-06,+0.0E+00
-113.5000E-06,-69.0955E-06
-113.2500E-06,+0.0E+00
-113.0000E-06,+709.7990E-06
-112.7500E-06,+201.0050E-06
-112.5000E-06,+402.0100E-06
-112.2500E-06,+402.0100E-06
-112.0000E-06,+603.0151E-06
-111.7500E-06,+684.6734E-06
-111.5000E-06,+734.9246E-06
-111.2500E-06,+603.0151E-06
-111.0000E-06,+634.4221E-06
-110.7500E-06,+684.6734E-06
-110.5000E-06,+804.0201E-06
-110.2500E-06,+804.0201E-06
-110.0000E-06,+603.0151E-06
-109.7500E-06,+483.6683E-06
-109.5000E-06,+201.0050E-06
-109.2500E-06,+201.0050E-06
-109.0000E-06,+201.0050E-06
-108.7500E-06,+119.3467E-06
-108.5000E-06,-131.9095E-06
-108.2500E-06,+163.3166E-06
-108.0000E-06,+169.5980E-06
-107.7500E-06,+0.0E+00
-107.5000E-06,-69.0955E-06
-107.2500E-06,-201.0050E-06
-107.0000E-06,-31.4070E-06
-106.7500E-06,+0.0E+00
-106.5000E-06,+0.0E+00
-106.2500E-06,+0.0E+00
-106.0000E-06,-31.4070E-06
-105.7500E-06,+201.0050E-06
-105.5000E-06,+201.0050E-06
-105.2500E-06,+201.0050E-06
-105.0000E-06,+201.0050E-06
-104.7500E-06,+402.0100E-06
-104.5000E-06,+332.9146E-06
-104.2500E-06,+565.3266E-06
-104.0000E-06,+571.6080E-06
-103.7500E-06,+402.0100E-06
-103.5000E-06,+471.1055E-06
-103.2500E-06,+603.0151E-06
-103.0000E-06,+370.6030E-06
-102.7500E-06,+521.3568E-06
-102.5000E-06,+471.1055E-06
-102.2500E-06,+603.0151E-06
-102.0000E-06,+433.4171E-06
-101.7500E-06,+238.6935E-06
-101.5000E-06,+201.0050E-06
-101.2500E-06,+201.0050E-06
-101.0000E-06,+138.1910E-06
-100.7500E-06,+37.6884E-06
-100.5000E-06,+69.0955E-06
-100.2500E-06,-182.1608E-06
-100.0000E-06,-31.4070E-06
-99.7500E-06,+0.0E+00
-99.5000E-06,+0.0E+00
-99.2500E-06,-18.8442E-06
-99.0000E-06,-31.4070E-06
-98.7500E-06,+0.0E+00
-98.5000E-06,-131.9095E-06
-98.2500E-06,+0.0E+00
-98.0000E-06,+0.0E+00
-97.7500E-06,-81.6583E-06
-97.5000E-06,+69.0955E-06
-97.2500E-06,+219.8492E-06
-97.0000E-06,+138.1910E-06
-96.7500E-06,+238.6935E-06
-96.5000E-06,+138.1910E-06
-96.2500E-06,+402.0100E-06
-96.0000E-06,+370.6030E-06
-95.7500E-06,+439.6985E-06
-95.5000E-06,+270.1005E-06
-95.2500E-06,+219.8492E-06
-95.0000E-06,+370.6030E-06
-94.7500E-06,+201.0050E-06
-94.5000E-06,+201.0050E-06
-94.2500E-06,+402.0100E-06
-94.0000E-06,+0.0E+00
-93.7500E-06,+326.6332E-06
-93.5000E-06,+69.0955E-06
-93.2500E-06,+0.0E+00
-93.0000E-06,-31.4070E-06
-92.7500E-06,-119.3467E-06
-92.5000E-06,-332.9146E-06
-92.2500E-06,-163.3166E-06
-92.0000E-06,-402.0100E-06
-91.7500E-06,-320.3518E-06
-91.5000E-06,-131.9095E-06
-91.2500E-06,+18.8442E-06
-91.0000E-06,-201.0050E-06
-90.7500E-06,-81.6583E-06
-90.5000E-06,-131.9095E-06
-90.2500E-06,-163.3166E-06
-90.0000E-06,-201.0050E-06
-89.7500E-06,+0.0E+00
-89.5000E-06,-131.9095E-06
-89.2500E-06,-163.3166E-06
-89.0000E-06,+0.0E+00
-88.7500E-06,+0.0E+00
-88.5000E-06,+69.0955E-06
-88.2500E-06,+18.8442E-06
-88.0000E-06,+31.4070E-06
-87.7500E-06,+119.3467E-06
-87.5000E-06,+69.0955E-06
-87.2500E-06,+0.0E+00
-87.0000E-06,+0.0E+00
-86.7500E-06,+0.0E+00
-86.5000E-06,+201.0050E-06
-86.2500E-06,+18.8442E-06
-86.0000E-06,+0.0E+00
-85.7500E-06,-119.3467E-06
-85.5000E-06,-131.9095E-06
-85.2500E-06,+0.0E+00
-85.0000E-06,+0.0E+00
-84.7500E-06,-81.6583E-06
-84.5000E-06,-263.8191E-06
-84.2500E-06,-201.0050E-06
-84.0000E-06,-370.6030E-06
-83.7500E-06,-320.3518E-06
-83.5000E-06,+62.8141E-06
-83.2500E-06,-201.0050E-06
-83.0000E-06,-201.0050E-06
-82.7500E-06,-201.0050E-06
-82.5000E-06,-201.0050E-06
-82.2500E-06,-182.1608E-06
-82.0000E-06,-169.5980E-06
-81.7500E-06,-119.3467E-06
-81.5000E-06,+131.9095E-06
-81.2500E-06,+0.0E+00
-81.0000E-06,+31.4070E-06
-80.7500E-06,+81.6583E-06
-80.5000E-06,+0.0E+00
-80.2500E-06,+0.0E+00
-80.0000E-06,+0.0E+00
-79.7500E-06,+0.0E+00
-79.5000E-06,+0.0E+00
-79.2500E-06,+0.0E+00
-79.0000E-06,+31.4070E-06
-78.7500E-06,+0.0E+00
-78.5000E-06,-201.0050E-06
-78.2500E-06,+0.0E+00
-78.0000E-06,+0.0E+00
-77.7500E-06,-119.3467E-06
-77.5000E-06,+0.0E+00
-77.2500E-06,+0.0E+00
-77.0000E-06,-31.4070E-06
-76.7500E-06,-201.0050E-06
-76.5000E-06,-69.0955E-06
-76.2500E-06,-182.1608E-06
-76.0000E-06,-169.5980E-06
-75.7500E-06,-119.3467E-06
-75.5000E-06,-270.1005E-06
-75.2500E-06,+0.0E+00
-75.0000E-06,+0.0E+00
-74.7500E-06,+0.0E+00
-74.5000E-06,-69.0955E-06
-74.2500E-06,+0.0E+00
-74.0000E-06,+0.0E+00
-73.7500E-06,+81.6583E-06
-73.5000E-06,+131.9095E-06
-73.2500E-06,+0.0E+00
-73.0000E-06,+0.0E+00
-72.7500E-06,+0.0E+00
-72.5000E-06,+0.0E+00
-72.2500E-06,+0.0E+00
-72.0000E-06,+0.0E+00
-71.7500E-06,-119.3467E-06
-71.5000E-06,+0.0E+00
-71.2500E-06,+182.1608E-06
-71.0000E-06,+31.4070E-06
-70.7500E-06,+0.0E+00
-70.5000E-06,-131.9095E-06
-70.2500E-06,+182.1608E-06
-70.0000E-06,+31.4070E-06
-69.7500E-06,+0.0E+00
-69.5000E-06,+0.0E+00
-69.2500E-06,+182.1608E-06
-69.0000E-06,+0.0E+00
-68.7500E-06,+0.0E+00
-68.5000E-06,+62.8141E-06
-68.2500E-06,+0.0E+00
-68.0000E-06,-31.4070E-06
-67.7500E-06,-119.3467E-06
-67.5000E-06,+0.0E+00
-67.2500E-06,-201.0050E-06
-67.0000E-06,+0.0E+00
-66.7500E-06,+0.0E+00
-66.5000E-06,+69.0955E-06
-66.2500E-06,+0.0E+00
-66.0000E-06,+0.0E+00
-65.7500E-06,+81.6583E-06
-65.5000E-06,+131.9095E-06
-65.2500E-06,+0.0E+00
-65.0000E-06,+0.0E+00
-64.7500E-06,+0.0E+00
-64.5000E-06,+69.0955E-06
-64.2500E-06,+0.0E+00
-64.0000E-06,+169.5980E-06
-63.7500E-06,+0.0E+00
-63.5000E-06,+0.0E+00
-63.2500E-06,+0.0E+00
-63.0000E-06,+31.4070E-06
-62.7500E-06,+0.0E+00
-62.5000E-06,+69.0955E-06
-62.2500E-06,+0.0E+00
-62.0000E-06,+201.0050E-06
-61.7500E-06,+0.0E+00
-61.5000E-06,+0.0E+00
-61.2500E-06,+201.0050E-06
-61.0000E-06,-31.4070E-06
-60.7500E-06,+0.0E+00
-60.5000E-06,-131.9095E-06
-60.2500E-06,+345.4774E-06
-60.0000E-06,+169.5980E-06
-59.7500E-06,+37.6884E-06
-59.5000E-06,+0.0E+00
-59.2500E-06,+0.0E+00
-59.0000E-06,-31.4070E-06
-58.7500E-06,-81.6583E-06
-58.5000E-06,-62.8141E-06
-58.2500E-06,+18.8442E-06
-58.0000E-06,-31.4070E-06
-57.7500E-06,+119.3467E-06
-57.5000E-06,+69.0955E-06
-57.2500E-06,-182.1608E-06
-57.0000E-06,+0.0E+00
-56.7500E-06,-81.6583E-06
-56.5000E-06,-131.9095E-06
-56.2500E-06,-182.1608E-06
-56.0000E-06,+169.5980E-06
-55.7500E-06,+0.0E+00
-55.5000E-06,+131.9095E-06
-55.2500E-06,+182.1608E-06
-55.0000E-06,+0.0E+00
-54.7500E-06,-4.7864322E-03
-54.5000E-06,+1.1432161E-03
-54.2500E-06,+967.3367E-06
-54.0000E-06,-62.8141E-06
-53.7500E-06,-929.6482E-06
-53.5000E-06,-201.0050E-06
-53.2500E-06,+18.8442E-06
-53.0000E-06,+24.6796480E-03
-52.7500E-06,-2.2487437E-03
-52.5000E-06,-62.8141E-06
-52.2500E-06,-201.0050E-06
-52.0000E-06,-402.0100E-06
-51.7500E-06,+4.7864322E-03
-51.5000E-06,+2.0100502E-03
-51.2500E-06,-18.8442E-06
-51.0000E-06,-94.2211E-06
-50.7500E-06,-282.6633E-06
-50.5000E-06,-201.0050E-06
-50.2500E-06,+0.0E+00
-50.0000E-06,+0.0E+00
-49.7500E-06,+847.9899E-06
-49.5000E-06,-1.1494975E-03
-49.2500E-06,+182.1608E-06
-49.0000E-06,+339.1960E-06
-48.7500E-06,+201.0050E-06
-48.5000E-06,+270.1005E-06
-48.2500E-06,+201.0050E-06
-48.0000E-06,+0.0E+00
-47.7500E-06,+201.0050E-06
-47.5000E-06,+69.0955E-06
-47.2500E-06,+219.8492E-06
-47.0000E-06,+201.0050E-06
-46.7500E-06,+238.6935E-06
-46.5000E-06,+201.0050E-06
-46.2500E-06,+37.6884E-06
-46.0000E-06,+169.5980E-06
-45.7500E-06,+119.3467E-06
-45.5000E-06,+69.0955E-06
-45.2500E-06,-163.3166E-06
-45.0000E-06,+0.0E+00
-44.7500E-06,+0.0E+00
-44.5000E-06,-131.9095E-06
-44.2500E-06,+18.8442E-06
-44.0000E-06,+169.5980E-06
-43.7500E-06,+119.3467E-06
-43.5000E-06,+270.1005E-06
-43.2500E-06,+219.8492E-06
-43.0000E-06,+169.5980E-06
-42.7500E-06,+81.6583E-06
-42.5000E-06,+131.9095E-06
-42.2500E-06,+18.8442E-06
-42.0000E-06,+0.0E+00
-41.7500E-06,+119.3467E-06
-41.5000E-06,-131.9095E-06
-41.2500E-06,+0.0E+00
-41.0000E-06,+201.0050E-06
-40.7500E-06,+0.0E+00
-40.5000E-06,+69.0955E-06
-40.2500E-06,+18.8442E-06
-40.0000E-06,+201.0050E-06
-39.7500E-06,+119.3467E-06
-39.5000E-06,+201.0050E-06
-39.2500E-06,+18.8442E-06
-39.0000E-06,+106.7839E-06
-38.7500E-06,+119.3467E-06
-38.5000E-06,+69.0955E-06
-38.2500E-06,+0.0E+00
-38.0000E-06,+0.0E+00
-37.7500E-06,+119.3467E-06
-37.5000E-06,+201.0050E-06
-37.2500E-06,+182.1608E-06
-37.0000E-06,+31.4070E-06
-36.7500E-06,+119.3467E-06
-36.5000E-06,+201.0050E-06
-36.2500E-06,+18.8442E-06
-36.0000E-06,+31.4070E-06
-35.7500E-06,+119.3467E-06
-35.5000E-06,+0.0E+00
-35.2500E-06,+0.0E+00
-35.0000E-06,+0.0E+00
-34.7500E-06,+0.0E+00
-34.5000E-06,+0.0E+00
-34.2500E-06,+0.0E+00
-34.0000E-06,+31.4070E-06
-33.7500E-06,+0.0E+00
-33.5000E-06,+138.1910E-06
-33.2500E-06,+18.8442E-06
-33.0000E-06,+31.4070E-06
-32.7500E-06,+201.0050E-06
-32.5000E-06,+0.0E+00
-32.2500E-06,+182.1608E-06
-32.0000E-06,+31.4070E-06
-31.7500E-06,+0.0E+00
-31.5000E-06,+131.9095E-06
-31.2500E-06,+0.0E+00
-31.0000E-06,+0.0E+00
-30.7500E-06,+201.0050E-06
-30.5000E-06,+201.0050E-06
-30.2500E-06,+18.8442E-06
-30.0000E-06,+201.0050E-06
-29.7500E-06,+81.6583E-06
-29.5000E-06,+201.0050E-06
-29.2500E-06,+182.1608E-06
-29.0000E-06,+31.4070E-06
-28.7500E-06,-119.3467E-06
-28.5000E-06,+62.8141E-06
-28.2500E-06,+0.0E+00
-28.0000E-06,+0.0E+00
-27.7500E-06,+119.3467E-06
-27.5000E-06,+131.9095E-06
-27.2500E-06,+18.8442E-06
-27.0000E-06,+169.5980E-06
-26.7500E-06,+81.6583E-06
-26.5000E-06,+0.0E+00
-26.2500E-06,-18.8442E-06
-26.0000E-06,+31.4070E-06
-25.7500E-06,+119.3467E-06
-25.5000E-06,+0.0E+00
-25.2500E-06,+18.8442E-06
-25.0000E-06,+0.0E+00
-24.7500E-06,+0.0E+00
-24.5000E-06,+201.0050E-06
-24.2500E-06,+182.1608E-06
-24.0000E-06,+201.0050E-06
-23.7500E-06,+201.0050E-06
-23.5000E-06,+0.0E+00
-23.2500E-06,+182.1608E-06
-23.0000E-06,+169.5980E-06
-22.7500E-06,+81.6583E-06
-22.5000E-06,+131.9095E-06
-22.2500E-06,+0.0E+00
-22.0000E-06,+169.5980E-06
-21.7500E-06,+81.6583E-06
-21.5000E-06,+201.0050E-06
-21.2500E-06,+201.0050E-06
-21.0000E-06,+201.0050E-06
-20.7500E-06,+201.0050E-06
-20.5000E-06,+201.0050E-06
-20.2500E-06,+201.0050E-06
-20.0000E-06,+201.0050E-06
-19.7500E-06,-75.3769E-06
-19.5000E-06,+201.0050E-06
-19.2500E-06,+0.0E+00
-19.0000E-06,+31.4070E-06
-18.7500E-06,+201.0050E-06
-18.5000E-06,+270.1005E-06
-18.2500E-06,+201.0050E-06
-18.0000E-06,+201.0050E-06
-17.7500E-06,+201.0050E-06
-17.5000E-06,+69.0955E-06
-17.2500E-06,+18.8442E-06
-17.0000E-06,+0.0E+00
-16.7500E-06,+0.0E+00
-16.5000E-06,+201.0050E-06
-16.2500E-06,+18.8442E-06
-16.0000E-06,+169.5980E-06
-15.7500E-06,+201.0050E-06
-15.5000E-06,+201.0050E-06
-15.2500E-06,+0.0E+00
-15.0000E-06,+201.0050E-06
-14.7500E-06,+201.0050E-06
-14.5000E-06,+69.0955E-06
-14.2500E-06,+201.0050E-06
-14.0000E-06,+370.6030E-06
-13.7500E-06,+37.6884E-06
-13.5000E-06,+0.0E+00
-13.2500E-06,+18.8442E-06
-13.0000E-06,+201.0050E-06
-12.7500E-06,+119.3467E-06
-12.5000E-06,+201.0050E-06
-12.2500E-06,+182.1608E-06
-12.0000E-06,+339.1960E-06
-11.7500E-06,+0.0E+00
-11.5000E-06,+201.0050E-06
-11.2500E-06,+18.8442E-06
-11.0000E-06,+201.0050E-06
-10.7500E-06,+201.0050E-06
-10.5000E-06,+69.0955E-06
-10.2500E-06,+201.0050E-06
-10.0000E-06,+169.5980E-06
-9.7500E-06,+119.3467E-06
-9.5000E-06,+69.0955E-06
-9.2500E-06,+18.8442E-06
-9.0000E-06,+169.5980E-06
-8.7500E-06,+37.6884E-06
-8.5000E-06,+201.0050E-06
-8.2500E-06,+18.8442E-06
-8.0000E-06,+138.1910E-06
-7.7500E-06,+119.3467E-06
-7.5000E-06,+207.2864E-06
-7.2500E-06,-163.3166E-06
-7.0000E-06,+169.5980E-06
-6.7500E-06,+119.3467E-06
-6.5000E-06,+0.0E+00
-6.2500E-06,+201.0050E-06
-6.0000E-06,+201.0050E-06
-5.7500E-06,+0.0E+00
-5.5000E-06,+69.0955E-06
-5.2500E-06,+37.6884E-06
-5.0000E-06,+201.0050E-06
-4.7500E-06,+238.6935E-06
-4.5000E-06,+138.1910E-06
-4.2500E-06,+18.8442E-06
-4.0000E-06,+169.5980E-06
-3.7500E-06,+238.6935E-06
-3.5000E-06,+69.0955E-06
-3.2500E-06,+18.8442E-06
-3.0000E-06,+0.0E+00
-2.7500E-06,+0.0E+00
-2.5000E-06,+131.9095E-06
-2.2500E-06,+18.8442E-06
-2.0000E-06,+0.0E+00
-1.7500E-06,+119.3467E-06
-1.5000E-06,+69.0955E-06
-1.2500E-06,+18.8442E-06
-1.0000E-06,+31.4070E-06
-750.0E-09,-37.6884E-06
-500.0E-09,+62.8141E-06
-250.0E-09,+18.8442E-06
-0.0E+00,+31.4070E-06
+250.0E-09,+163.3166E-06
+500.0E-09,+0.0E+00
+750.0E-09,-18.8442E-06
+1.0000E-06,-106.7839E-06
+1.2500E-06,+81.6583E-06
+1.5000E-06,+62.8141E-06
+1.7500E-06,+182.1608E-06
+2.0000E-06,+31.4070E-06
+2.2500E-06,+282.6633E-06
+2.5000E-06,+201.0050E-06
+2.7500E-06,+0.0E+00
+3.0000E-06,+62.8141E-06
+3.2500E-06,+81.6583E-06
+3.5000E-06,+131.9095E-06
+3.7500E-06,+182.1608E-06
+4.0000E-06,+232.4121E-06
+4.2500E-06,+163.3166E-06
+4.5000E-06,+201.0050E-06
+4.7500E-06,+182.1608E-06
+5.0000E-06,+31.4070E-06
+5.2500E-06,+201.0050E-06
+5.5000E-06,+62.8141E-06
+5.7500E-06,+182.1608E-06
+6.0000E-06,+201.0050E-06
+6.2500E-06,+81.6583E-06
+6.5000E-06,+131.9095E-06
+6.7500E-06,+0.0E+00
+7.0000E-06,+201.0050E-06
+7.2500E-06,+201.0050E-06
+7.5000E-06,+201.0050E-06
+7.7500E-06,+0.0E+00
+8.0000E-06,+402.0100E-06
+8.2500E-06,+201.0050E-06
+8.5000E-06,+131.9095E-06
+8.7500E-06,+383.1658E-06
+9.0000E-06,+201.0050E-06
+9.2500E-06,+201.0050E-06
+9.5000E-06,+332.9146E-06
+9.7500E-06,+182.1608E-06
+10.0000E-06,+232.4121E-06
+10.2500E-06,+201.0050E-06
+10.5000E-06,+131.9095E-06
+10.7500E-06,+182.1608E-06
+11.0000E-06,+201.0050E-06
+11.2500E-06,+201.0050E-06
+11.5000E-06,+131.9095E-06
+11.7500E-06,+201.0050E-06
+12.0000E-06,+201.0050E-06
+12.2500E-06,+201.0050E-06
+12.5000E-06,+131.9095E-06
+12.7500E-06,+182.1608E-06
+13.0000E-06,+201.0050E-06
+13.2500E-06,+201.0050E-06
+13.5000E-06,+201.0050E-06
+13.7500E-06,+18.8442E-06
+14.0000E-06,+402.0100E-06
+14.2500E-06,+201.0050E-06
+14.5000E-06,+201.0050E-06
+14.7500E-06,+182.1608E-06
+15.0000E-06,+169.5980E-06
+15.2500E-06,+320.3518E-06
+15.5000E-06,+201.0050E-06
+15.7500E-06,+201.0050E-06
+16.0000E-06,+138.1910E-06
+16.2500E-06,+201.0050E-06
+16.5000E-06,+201.0050E-06
+16.7500E-06,+182.1608E-06
+17.0000E-06,+0.0E+00
+17.2500E-06,+201.0050E-06
+17.5000E-06,+69.0955E-06
+17.7500E-06,+18.8442E-06
+18.0000E-06,+201.0050E-06
+18.2500E-06,+201.0050E-06
+18.5000E-06,+201.0050E-06
+18.7500E-06,+201.0050E-06
+19.0000E-06,+138.1910E-06
+19.2500E-06,+238.6935E-06
+19.5000E-06,+201.0050E-06
+19.7500E-06,+201.0050E-06
+20.0000E-06,+138.1910E-06
+20.2500E-06,+119.3467E-06
+20.5000E-06,-62.8141E-06
+20.7500E-06,+201.0050E-06
+21.0000E-06,+169.5980E-06
+21.2500E-06,+119.3467E-06
+21.5000E-06,+69.0955E-06
+21.7500E-06,+201.0050E-06
+22.0000E-06,+138.1910E-06
+22.2500E-06,+0.0E+00
+22.5000E-06,+270.1005E-06
+22.7500E-06,+18.8442E-06
+23.0000E-06,+138.1910E-06
+23.2500E-06,+119.3467E-06
+23.5000E-06,+131.9095E-06
+23.7500E-06,+18.8442E-06
+24.0000E-06,+138.1910E-06
+24.2500E-06,+37.6884E-06
+24.5000E-06,-62.8141E-06
+24.7500E-06,+201.0050E-06
+25.0000E-06,+138.1910E-06
+25.2500E-06,-81.6583E-06
+25.5000E-06,+69.0955E-06
+25.7500E-06,+201.0050E-06
+26.0000E-06,-31.4070E-06
+26.2500E-06,+119.3467E-06
+26.5000E-06,-62.8141E-06
+26.7500E-06,-163.3166E-06
+27.0000E-06,+138.1910E-06
+27.2500E-06,-201.0050E-06
+27.5000E-06,+69.0955E-06
+27.7500E-06,-163.3166E-06
+28.0000E-06,-201.0050E-06
+28.2500E-06,-81.6583E-06
+28.5000E-06,-62.8141E-06
+28.7500E-06,+37.6884E-06
+29.0000E-06,-169.5980E-06
+29.2500E-06,+37.6884E-06
+29.5000E-06,+69.0955E-06
+29.7500E-06,-345.4774E-06
+30.0000E-06,-169.5980E-06
+30.2500E-06,-201.0050E-06
+30.5000E-06,-201.0050E-06
+30.7500E-06,+18.8442E-06
+31.0000E-06,-138.1910E-06
+31.2500E-06,-119.3467E-06
+31.5000E-06,+69.0955E-06
+31.7500E-06,-182.1608E-06
+32.0000E-06,+0.0E+00
+32.2500E-06,+0.0E+00
+32.5000E-06,-62.8141E-06
+32.7500E-06,-163.3166E-06
+33.0000E-06,+31.4070E-06
+33.2500E-06,-119.3467E-06
+33.5000E-06,+69.0955E-06
+33.7500E-06,+18.8442E-06
+34.0000E-06,+31.4070E-06
+34.2500E-06,+0.0E+00
+34.5000E-06,-201.0050E-06
+34.7500E-06,-56.5327E-06
+35.0000E-06,-138.1910E-06
+35.2500E-06,-119.3467E-06
+35.5000E-06,+0.0E+00
+35.7500E-06,-182.1608E-06
+36.0000E-06,-169.5980E-06
+36.2500E-06,+0.0E+00
+36.5000E-06,-69.0955E-06